Model,Price,Rating,Generation,Core,Ram,SSD,Display,Graphics,OS,Warranty,RAM_Size,SSD_Size
HP Victus 15-fb0157AX Gaming Laptop (AMD Ryzen 5 5600H/ 8GB/ 512GB SSD/ Win11/ 4GB Graph),50399,70.0,5th Gen AMD Ryzen 5 5600H,"Hexa Core, 12 Threads",8 GB DDR4 RAM,512 GB SSD,"15.6 inches, 1920 x 1080 pixels, Touch Screen",4 GB AMD Radeon RX 6500M,Windows 11 OS,1 Year Warranty,8,512.0
Tecno Megabook T1 Laptop (11th Gen Core i3/ 8GB/ 512GB SSD/ Win11 Home),23990,56.0,11th Gen Intel Core i3 1115G4,"Dual Core, 4 Threads",8 GB LPDDR4 RAM,512 GB SSD,"15.6 inches, 1920 x 1080 pixels",Intel UHD Graphics,Windows 11 OS,1 Year Warranty,8,512.0
Lenovo V15 G4 ‎82YU00W7IN Laptop (AMD Ryzen 3 7320U/ 8GB/ 512GB SSD/ Win11 Home),26989,55.0,7th Gen AMD Ryzen 3 7320U,"Quad Core, 8 Threads",8 GB LPDDR5 RAM,512 GB SSD,"15.6 inches, 1920 x 1080 pixels",AMD Radeon Graphics,Windows 11 OS,1 Year Warranty,8,512.0
Samsung Galaxy Book2 Pro 13 Laptop (12th Gen Core i5/ 16GB/ 512GB SSD/ Win11),69990,60.0,12th Gen Intel Core i5 1240P,"12 Cores (4P + 8E), 16 Threads",16 GB LPDDR5 RAM,512 GB SSD,"13.3 inches, 1080 x 1920 pixels",Intel Iris Xe Graphics,Windows 11 OS,1 Year Warranty,16,512.0
Xiaomi Redmi G Pro 2024 Gaming Laptop (14th Gen Core i9/ 16GB/ 1TB SSD/ Win11 Home/ RTX 4060),102990,78.0,14th Gen Intel Core i9 14900HX,"24 Cores (8P + 16E), 32 Threads",16 GB DDR5 RAM,1 TB SSD,"16.1 inches, 2560 x 1600 pixels",8 GB NVIDIA GeForce RTX 4060,Windows 11 OS,1 Year Warranty,16,1024.0
HP 15s-fq5007TU Laptop (12th Gen Core i3/ 8GB/ 512GB SSD/ Win11 Home),35990,55.0,12th Gen Intel Core i3 1215U,"Hexa Core (2P + 4E), 8 Threads",8 GB DDR4 RAM,512 GB SSD,"15.6 inches, 1920 x 1080 pixels",Intel UHD Graphics,Windows 11 OS,1 Year Warranty,8,512.0
Apple MacBook Air 2020 MGND3HN Laptop (Apple M1/ 8GB/ 256GB SSD/ MacOS),79990,61.75651041666666,Apple M1,Octa Core (4P + 4E),8 GB DDR4 RAM,256 GB SSD,"13.3 inches, 2560 x 1600 pixels",Apple M1 Integrated Graphics,Mac OS,1 Year Warranty,8,256.0
Samsung Galaxy Book2 NP550XED-KA1IN 15 Laptop (12th Gen Core i5/ 8GB/ 512GB SSD/ Win11),42990,54.0,12th Gen Intel Core i5 1235U,"10 Cores (2P + 8E), 12 Threads",8 GB LPDDR4 RAM,512 GB SSD,"15.6 inches, 1920 x 1080 pixels",Intel Integrated UHD,Windows 11 OS,1 Year Warranty,8,512.0
HP 15s-fq5330TU Laptop (12th Gen Core i5/ 16GB/ 512GB SSD/ Win11 Home),54990,56.0,12th Gen Intel Core i5 1235U,"10 Cores (2P + 8E), 12 Threads",16 GB DDR4 RAM,512 GB SSD,"15.6 inches, 1920 x 1080 pixels",Intel Integrated Iris Xe,Windows 11 OS,1 Year Warranty,16,512.0
HP Victus 15-fb1017AX Gaming Laptop (AMD Ryzen 5 7535HS/ 16GB/ 512GB SSD/ Win11/ 4GB Graph),56490,69.0,7th Gen Amd Ryzen 5 7535HS,"Hexa Core, 12 Threads",16 GB DDR5 RAM,512 GB SSD,"15.6 inches, 1920 x 1080 pixels",4 GB NVIDIA GeForce RTX 2050,Windows 11 OS,1 Year Warranty,16,512.0
Wings Nuvobook V1 Laptop (11th Gen Core i5/ 8GB/ 512GB SSD/ Win11),24990,51.0,11th Gen Intel Core i5 1135G7,"Quad Core, 8 Threads",8 GB DDR4 RAM,512 GB SSD,"15.6 inches, 1080 x 1920 pixels",Intel Graphics,Windows 11 OS,1 Year Warranty,8,512.0
Zebronics Pro Series Z ZEB-NBC 4S Laptop (12th Gen Core i5/ 16GB/ 512GB SSD/ Win11 Home),32990,64.0,12th Gen Intel Core i5 1235U,"10 Cores (2P + 8E), 12 Threads",16 GB DDR4 RAM,512 GB SSD,"15.6 inches, 1920 x 1080 pixels",Intel Integrated,Windows 11 OS,1 Year Warranty,16,512.0
Asus Vivobook 15 X1502ZA-EJ544WS Laptop (12th Gen Core i5/ 16GB/ 512GB SSD/ Win11),52990,59.0,12th Gen Intel Core i5 12500H,"12 Cores (4P + 8E), 16 Threads",16 GB DDR4 RAM,512 GB SSD,"15.6 inches, 1920 x 1080 pixels",Intel Iris Xe,Windows 11 OS,1 Year Warranty,16,512.0
HP Victus 16-s0094AX Gaming Laptop (AMD Ryzen 7 7840HS/ 16GB/ 1TB SSD/ Win11/ 6GB Graph),81990,73.0,7th Gen AMD Ryzen 7 7840HS,"Octa Core, 16 Threads",16 GB DDR5 RAM,1 TB SSD,"16.1 inches, 1920 x 1080 pixels",6 GB NVIDIA GeForce RTX 3050,Windows 11 OS,1 Year Warranty,16,1024.0
Apple MacBook Air 2024 Laptop (Apple M3/ 8GB/ 256GB SSD/ MacOS),114900,61.75651041666666,Apple M3,Octa Core (4P + 4E),8 GB  RAM,256 GB SSD,"13.6 inches, 2560 x 1664 pixels",Apple 8 Core GPU,Mac OS,1 Year Warranty,8,256.0
Dell Inspiron 3520 D560896WIN9B Laptop (12th Gen Core i3/ 8GB/ 512GB SSD/ Win11),33790,56.0,12th Gen Intel Core i3 1215U,"Hexa Core (2P + 4E), 8 Threads",8 GB DDR4 RAM,512 GB SSD,"15.6 inches, 1920 x 1080 pixels",Intel UHD Graphics,Windows 11 OS,1 Year Warranty,8,512.0
Lenovo V15 82KDA01BIH Laptop (AMD Ryzen 3 5300U/ 8GB/ 512GB SSD/ Win11 Home),26749,57.0,5th Gen AMD Ryzen 3 5300U,"Quad Core, 8 Threads",8 GB DDR4 RAM,512 GB SSD,"15.6 inches, 1920 x 1080 pixels",AMD Radeon Graphics,Windows 11 OS,1 Year Warranty,8,512.0
Apple MacBook Air 2022 Laptop (Apple M2/ 8GB/ 256GB SSD/ MacOS),99900,61.75651041666666,Apple M2,Octa Core (4P + 4E),8 GB DDR4 RAM,256 GB SSD,"13.6 inches, 2560 x 1664 pixels",8-Core GPU,Mac OS,1 Year Warranty,8,256.0
Samsung Galaxy Book 4 NP750XGK-KS2IN Laptop (Intel Core 5 Processor 120U/ 16GB/ 512GB SSD/ Win11),75990,55.0,Intel Core 5 Processor Series 1 120U,"10 Cores (2P + 8E), 12 Threads",16 GB LPDDR4x RAM,512 GB SSD,"15.6 inches, 1920 x 1080 pixels",Intel Graphics,Windows 11 OS,1 Year Warranty,16,512.0
HP 14s-dq5138tu Laptop (12th Gen Core i3/ 8GB/ 512GB SSD/ Win11 Home),38990,55.0,12th Gen Intel Core i3 1215U,"Hexa Core (2P + 4E), 8 Threads",8 GB DDR4 RAM,512 GB SSD,"14 inches, 1920 x 1080 pixels",Intel Integrated UHD,Windows 11 OS,1 Year Warranty,8,512.0
Asus TUF F15 FX506HF-HN024W Gaming Laptop (11th Gen Core i5/ 8GB/ 512GB SSD/ Win11/ 4GB Graph),49990,64.0,11th Gen Intel Core i5 11400H ,"Hexa Core, 12 Threads",8 GB DDR4 RAM,512 GB SSD,"15.6 inches, 1920 x 1080 pixels",4 GB NVIDIA GeForce RTX 2050,Windows 11 OS,1 Year Warranty,8,512.0
Lenovo IdeaPad Gaming 3 82K2025XIN Laptop (AMD Ryzen 5 5600H/ 16GB/ 512GB SSD/ Win11 Home/ 4GB Graph),54990,66.0,5th Gen AMD Ryzen 5 5600H,"Hexa Core, 12 Threads",16 GB DDR4 RAM,512 GB SSD,"15.6 inches, 1920 x 1080 pixels",4 GB NVIDIA GeForce GTX 1650,Windows 11 OS,1 Year Warranty,16,512.0
Lenovo Thinkpad E14 20YES00K00 Laptop (AMD Ryzen 7 5800U/ 16GB/ 512GB SSD/ Win10),79999,62.0,5th Gen AMD Ryzen 7 5800U,"Octa Core, 16 Threads",16 GB DDR4 RAM,512 GB SSD,"14 inches, 1920 x 1080 pixels",AMD Raedon Graphics,Windows 10 OS,1 Year Warranty,16,512.0
HP Envy x360 15-fe0014TX Laptop (13th Gen Core i7/ 16GB/ 1TB SSD/ Win11/ 4GB Graphics),132490,69.0,13th Gen Intel Core i7 1355U,"10 Cores (2P + 8E), 12 Threads",16 GB LPDDR5 RAM,1 TB SSD,"15.6 inches, 1920 x 1080 pixels, Touch Screen",4 GB NVIDIA GeForce RTX 3050,Windows 11 OS,1 Year Warranty,16,1024.0
Lenovo ThinkPad E14 21JKS13K00 Laptop (13th Gen Core i7/ 16GB/ 512GB SSD/ Win11 Home),96990,65.0,13th Gen Intel Core i7 1355U,"10 Cores (2P + 8E), 12 Threads",16 GB DDR4 RAM,512 GB SSD,"14 inches, 1920 x 1200 pixels",Intel Iris Xe Graphics comes,Windows 11 OS,1 Year Warranty,16,512.0
Lenovo V14 82TSA0CWIH Laptop (12th Gen Core i5/ 8GB/ 512GB SSD/ Win11 Pro),55490,53.0,12th Gen Intel Core i5 1235U,"10 Cores (2P + 8E), 12 Threads",8 GB DDR4 RAM,512 GB SSD,"14 inches, 1920 x 1080 pixels",Intel Integrated UHD,Windows 11 OS,1 Year Warranty,8,512.0
Lenovo V14 82TS005DIH Laptop (12th Gen Core i5/ 8GB/ 512GB SSD/ DOS),43490,61.75651041666666,12th Gen Intel Core i5 1235U,"10 Cores (2P + 8E), 12 Threads",8 GB DDR4 RAM,512 GB SSD,"14 inches, 1920 x 1080 pixels",Intel Integrated UHD,DOS OS,1 Year Warranty,8,512.0
Asus Vivobook 15 2024 X1504VAP-NJ322WS Laptop (Intel Core 3 Processor 100U/ 8GB/ 512GB SSD/ Win11),49990,53.0,Intel Core 3 Processor 100U,"Hexa Core (2P + 4E), 8 Threads",16 GB DDR4 RAM,512 GB SSD,"15.6 inches, 1920 x 1080 pixels",Integrated Intel Graphics,Windows 11 OS,1 Year Warranty,16,512.0
Lenovo V14 G3 82TSA0EMIH Laptop (12th Gen Core i3/ 8GB/ 512GB SSD/ Win11 Pro),44990,51.0,12th Gen Intel Core i3 1215U,"Hexa Core (2P + 4E), 8 Threads",8 GB DDR4 RAM,512 GB SSD,"14 inches, 1920 x 1080 pixels",Intel Integrated UHD,Windows 11 Pro OS,1 Year Warranty,8,512.0
HP Envy x360 ‎14-fc0100TU Laptop (Intel Core Ultra 7 155U/ 32GB/ 1TB SSD/ Win11),133999,73.0,Intel Core Ultra 7 155U,"12 Cores (2P + 8E + 2LP-E), 14 Threads",32 GB LPDDR5 RAM,1 TB SSD,"14 inches, 1920 x 1200 pixels, Touch Screen",Integrated Intel Graphics,Windows 11 OS,1 Year Warranty,32,1024.0
HP 15s-fq5329TU Laptop (12th Gen Core i5/ 8GB/ 512GB SSD/ Win11 Home),47990,54.0,12th Gen Intel Core i5 1235U,"10 Cores (2P + 8E), 12 Threads",8 GB DDR4 RAM,512 GB SSD,"15.6 inches, 1920 x 1080 pixels",Intel Integrated Iris Xe,Windows 11 OS,1 Year Warranty,8,512.0
HP Omen 14-fb0089TX Gaming Laptop (Intel Core Ultra 7 155H/ 16GB/ 1TB SSD/ Win11 Home/ 8GB Graph),175999,77.0,Intel Core Ultra 7 Series 1 155H,"16 Cores (6P + 8E + 2LP-E), 22 Threads",16 GB LPDDR5x RAM,1 TB SSD,"14 inches, 2880 x 1800 pixels",8 GB NVIDIA GeForce RTX 4060,Windows 11 OS,1 Year Warranty,16,1024.0
HP Envy x360 14-fc0105TU Laptop (Intel Core Ultra 5 125U/ 16GB/ 512GB SSD/ Win11),96999,65.0,Intel Core Ultra 5 125U,"12 Cores (2P + 8E + 2LP-E), 14 Threads",16 GB LPDDR5 RAM,512 GB SSD,"14 inches, 1920 x 1200 pixels, Touch Screen",Integrated Intel Graphics,Windows 11 OS,1 Year Warranty,16,512.0
HP Victus 15-fa1099TX Laptop (12th Gen Core i5/ 16GB/ 512GB SSD/ Win11 Home/ 4GB Graph),61990,64.0,12th Gen Intel Core i5 12450H,"Octa Core (4P + 4E), 12 Threads",16 GB DDR4 RAM,512 GB SSD,"16.1 inches, 1920 x 1080 pixels",4 GB NVIDIA GeForce RTX 2050,Windows 11 OS,1 Year Warranty,16,512.0
Asus Vivobook Go 14 2023 E1404FA-NK331W Laptop (Ryzen 3 7320U / 8GB/ 1TB SSD/ Win11 Home),34990,53.0,7th Gen AMD Ryzen 3 7320U,"Quad Core, 8 Threads",8 GB LPDDR5 RAM,1 TB SSD,"14 inches, 1920 x 1080 pixels",Integrated AMD Radeon Graphics,Windows 11 OS,1 Year Warranty,8,1024.0
Samsung Galaxy Book 4 NP750XGK-KS3IN Laptop (Intel Core 7 Processor 150U/ 16GB/ 512GB SSD/ Win11),85990,56.0,Intel Core 7 Processor Series 1 150U,"10 Cores (2P + 8E), 12 Threads",16 GB LPDDR4x RAM,512 GB SSD,"15.6 inches, 1920 x 1080 pixels",Intel Graphics,Windows 11 OS,1 Year Warranty,16,512.0
Dell 15 G15-5530 Gaming Laptop (13th Gen Core i5/ 16GB/ 1TB SSD/ Win11/ 6GB Graph),79990,68.0,13th Gen Intel Core i5 13450HX,"10 Cores (6P + 4E), 16 Threads",16 GB DDR5 RAM,1 TB SSD,"15.6 inches, 1920 x 1080 pixels",6 GB NVIDIA GeForce RTX 3050,Windows 11 OS,1 Year Warranty,16,1024.0
Asus ROG Flow X13 GV301RC-LJ132WS Gaming Laptop (AMD Ryzen 9 6900HS/ 16GB/ 512GB SSD/ Win11 Home/ 4GB Graph),84990,74.0,6th Gen AMD Ryzen 9 6900HS​,"Octa Core, 16 Threads",16 GB LPDDR5 RAM,512 GB SSD,"13.4 inches, 1920 x 1200 pixels, Touch Screen",4 GB ‎NVIDIA GeForce RTX 3050,Windows 11 OS,1 Year Warranty,16,512.0
Samsung Galaxy Book 4 Pro 360 Laptop (Intel Core Ultra 7/ 16GB/ 512GB SSD/ Win11),199990,72.0,Intel Core Ultra 7 Series 1 155H,"16 Cores (6P + 8E + 2LP-E), 22 Threads",16 GB LPDDR5X RAM,512 GB SSD,"16 inches, 2880 x 1800 pixels, Touch Screen",Intel Arc Graphics,Windows 11 OS,1 Year Warranty,16,512.0
Lenovo ThinkBook 15 G5 21JF002JIN Laptop (AMD Ryzen 3 7330U/ 8 GB/ 512 GB SSD/ Win11),33600,62.0,7th Gen AMD Ryzen 3 7330U,"Quad Core, 8 Threads",8 GB DDR4 RAM,512 GB SSD,"15.6 inches, 1920 x 1080 pixels",AMD Radeon AMD,Windows 11 OS,1 Year Warranty,8,512.0
Zebronics Pro Series Z ZEB-NBC 3S 2023 Laptop (12th Gen Core i3 / 8GB/ 512GB SSD/ Win11 Home),27990,61.0,12th Gen Intel Core i3 1215U,"Hexa Core (2P + 4E), 8 Threads",8 GB DDR4 RAM,512 GB SSD,"15.6 inches, 1920 x 1080 pixels",Intel Integrated,Windows 11 OS,1 Year Warranty,8,512.0
Asus TUF Gaming F15 FX506HE-HN385WS Gaming Laptop (11th Gen Core i7/ 16GB/ 1TB SSD/ Win11/ 4GB Graph),79899,71.0,11th Gen Intel Core i7 11800H,"Octa Core, 16 Threads",16 GB DDR4 RAM,1 TB SSD,"15.6 inches, 1920 x 1080 pixels",4 GB NVIDIA GeForce RTX 3050 Ti,Windows 11 OS,1 Year Warranty,16,1024.0
Acer Nitro V ANV15-51 2023 Gaming Laptop (13th Gen Core i5/ 16GB/ 512GB SSD/ Win11/ 6GB Graph),77990,59.0,13th Gen Intel Core i5 13420H,"Octa Core (4P + 4E), 12 Threads",16 GB DDR5 SDRAM RAM,512 GB SSD,"15.6 inches, 1920 x 1080 pixels",6 GB NVIDIA GeForce RTX 4050,Windows 11 OS,1 Year Warranty,16,512.0
Lenovo LOQ 15IRH8 82XV00F4IN 2023 Gaming Laptop (12th Gen Core i5/ 16GB/ 512GB SSD/ Win11/ 4GB Graph),59990,64.0,12th Gen Intel Core i5 12450H,"Octa Core (4P + 4E), 12 Threads",16 GB DDR5 RAM,512 GB SSD,"15.6 inches, 1920 x 1080 pixels",4 GB NVIDIA GeForce RTX 2050,Windows 11 OS,1 Year Warranty,16,512.0
Asus Vivobook 16X 2023 K3605ZU-MB741WS Laptop (12th Gen Core i7/ 16GB/ 512GB SSD/ Win11 Home/ 6GB Graph),86990,72.0,12th Gen Intel Core i7 12650H,"10 Cores (6P + 4E), 16 Threads",16 GB DDR4 RAM,512 GB SSD,"16 inches, 1920 x 1200 pixels",6 GB NVIDIA Geforce RTX 4050,Windows 11 OS,1 Year Warranty,16,512.0
HP 255 G9 840T7PA Laptop (AMD Athlon Silver-3050U/ 4GB/ 256GB SSD/ DOS),19979,61.75651041666666,3rd Gen AMD Athlon 3050U,"Dual Core, 2 Threads",4 GB DDR4 RAM,256 GB SSD,"15.6 inches, 1366 x 768 pixels",AMD Integrated,DOS OS,1 Year Warranty,4,256.0
Asus TUF Gaming F15 2023 FX507ZV-LP094W Gaming Laptop (12th Gen Core i7/ 16GB/512GB SSD/ Win11 Home/ 8GB Graph),99990,74.0,12th Gen Intel Core i7 12700H,"14 Cores (6P + 8E), 20 Threads",16 GB DDR4 RAM,512 GB SSD,"15.6 inches, 1920 x 1080 pixels",8 GB NVIDIA GeForce RTX 4060,Windows 11 OS,1 Year Warranty,16,512.0
HP Omen 16-n0123AX Gaming Laptop (AMD Ryzen 7 6800H/ 16GB/ 1TB SSD/ Win11/ 8GB Graph),112990,73.0,6th Gen AMD Ryzen 7  6800H,"Octa Core, 16 Threads",16 GB DDR5 RAM,1 TB SSD,"16.1 inches, 2560 x 1440 pixels",8 GB NVIDIA GeForce RTX 3070 Ti ,Windows 11 OS,1 Year Warranty,16,1024.0
Dell Inspiron 5420 Laptop (12th Gen Core i5/ 16GB/ 512GB SSD/ Win11),69999,62.0,12th Gen Intel Core i5 1240P,"12 Cores (4P + 8E), 16 Threads",16 GB DDR5 RAM,512 GB SSD,"14 inches, 1920 x 1080 pixels",Intel Integrated UHD,Windows 11 OS,1 Year Warranty,16,512.0
Asus TUF Gaming F15 FX506HC-HN362WS Gaming Laptop (11th Gen Core i5/ 16GB/ 512GB SSD/ Win11/ 4GB Graph),59990,66.0,11th Gen Intel Core i5 11400H ,"Hexa Core, 12 Threads",16 GB DDR4 RAM,512 GB SSD,"15.6 inches, 1920 x 1080 pixels",4 GB NVIDIA GeForce RTX 3050,Windows 11 OS,1 Year Warranty,16,512.0
Samsung Galaxy Book2 Pro 360 13 Laptop (12th Gen Core i5/ 16GB/ 512GB SSD/ Win11),72990,63.0,12th Gen Intel Core i5 1240P,"12 Cores (4P + 8E), 16 Threads",16 GB LPDDR5 RAM,512 GB SSD,"13.3 inches, 1080 x 1920 pixels, Touch Screen",Intel Iris Xe Graphics,Windows 11 OS,1 Year Warranty,16,512.0
Samsung Galaxy Book 4 NP750XGK-KS1IN Laptop (Intel Core 5 Processor 120U/ 8GB/ 512GB SSD/ Win11),70990,53.0,Intel Core 5 Processor Series 1 120U,"10 Cores (2P + 8E), 12 Threads",8 GB LPDDR4x RAM,512 GB SSD,"15.6 inches, 1920 x 1080 pixels",Intel Graphics,Windows 11 OS,1 Year Warranty,8,512.0
Asus Vivobook 15 2024 X1504VAP-NJ542WS Laptop (Intel Core 5 Processor 120U/ 16GB/ 512GB SSD/ Win11),67990,55.0,Intel Core 5 Processor Series 1 120U,"10 Cores (2P + 8E), 12 Threads",16 GB DDR4 RAM,512 GB SSD,"15.6 inches, 1920 x 1080 pixels",Integrated Intel Graphics,Windows 11 OS,1 Year Warranty,16,512.0
HP Pavilion 15-eh3109AU Laptop (AMD Ryzen 7 7730U/ 16GB/ 1TB SSD/ Win11 Home),69990,64.0,7th Gen AMD Ryzen 7 7730U,"Octa Core, 16 Threads",16 GB DDR4 RAM,1 TB SSD,"15.6 inches, 1920 x 1080 pixels",AMD Radeon Vega 8 Graphics,Windows 11 OS,1 Year Warranty,16,1024.0
Lenovo IdeaPad Slim 5 ‎16IMH9 83DC0042IN Laptop (Intel Core Ultra 5/ 16 GB RAM/ 1TB SSD/ Win 11),75990,61.75651041666666,Intel Core Ultra 5 Series 1 125H,"14 Cores (4P + 8E + 2LP-E), 18 Threads",16 GB LPDDR5 RAM,1 TB SSD,"16 inches, 1920 x 1200 pixels",Intel Arc Graphics,Windows 11 OS,1 Year Warranty,16,1024.0
HP Envy x360 14-fa0052AU Laptop (AMD Ryzen 7 8840HS/ 16GB/ 512GB SSD/ Win11),96990,69.0,8th Gen AMD Ryzen 7 8840HS,"Octa Core, 16 Threads",16 GB LPDDR5 RAM,512 GB SSD,"14 inches, 1920 x 1200 pixels, Touch Screen",AMD Radeon Graphics,Windows 11 OS,1 Year Warranty,16,512.0
Asus ROG Strix SCAR 16 2024 G634JYR-RA001WS Gaming Laptop (14th Gen Core i9/ 32GB/ 2TB SSD/ Win11 Home/ 16GB Graph),329990,61.75651041666666,14th Gen Intel Core i9 14900HX,"24 Cores (8P + 16E), 32 Threads",32 GB DDR5 RAM,2 TB SSD,"16 inches, 2560 x 1600 pixels",16 GB NVIDIA GeForce RTX 4090,Windows 11 OS,1 Year Warranty,32,1024.0
Lenovo ThinkBook 15 G5 20VG0008UK Laptop (AMD Ryzen 7 7730U/ 16GB/ 512 GB SSD/ Win11),49990,65.0,7th Gen AMD Ryzen 7 7730U,"Octa Core, 16 Threads",16 GB DDR4 RAM,512 GB SSD,"15.6 inches, 1920 x 1080 pixels",AMD Radeon AMD,Windows 11 OS,1 Year Warranty,16,512.0
HP Spectre x360 14-ef2035TU Laptop (13th Gen Core i7/ 32GB/ 1TB SSD/ Win11 Home),146990,72.0,13th Gen Intel Core i7 1355U,"10 Cores (2P + 8E), 12 Threads",32 GB LPDDR4X RAM,1 TB SSD,"13.5 inches, 3000 x 2000 pixels, Touch Screen",Intel Iris Xe Graphics,Windows 11 OS,1 Year Warranty,32,1024.0
HP Omen 14-fb0007TX Gaming Laptop (Intel Core Ultra 7 155H/ 16GB/ 1TB SSD/ Win11 Home/ 8GB Graph),174999,77.0,Intel Core Ultra 7 Series 1 155H,"16 Cores (6P + 8E + 2LP-E), 22 Threads",16 GB LPDDR5x RAM,1 TB SSD,"14 inches, 2880 x 1800 pixels",8 GB NVIDIA GeForce RTX 4060,Windows 11 OS,1 Year Warranty,16,1024.0
Lenovo IdeaPad Slim 3 83EQ0044IN Laptop (12th Gen Core i5/ 16GB/ 512GB SSD/ Win11 Home),55390,57.0,12th Gen Intel Core i5 12450H,"Octa Core (4P + 4E), 12 Threads",16 GB LPDDR5 RAM,512 GB SSD,"14 inches, 1920 x 1080 pixels",Intel Integrated UHD Graphics,Windows 11 OS,1 Year Warranty,16,512.0
Honor MagicBook X16 2024 ‎Laptop (12th Gen Core i5/ 16GB/ 512GB SSD/ Win11 Home),46990,54.0,12th Gen Intel Core i5 12450H,"Octa Core (4P + 4E), 12 Threads",16 GB LPDDR4x RAM,512 GB SSD,"16 inches, 1920 x 1200 pixels",Intel UHD Graphics,Windows 11 OS,1 Year Warranty,16,512.0
HP Omen 16-xf0081AX Gaming Laptop (AMD Ryzen 7 7840HS/ 32GB/ 1TB SSD/ Win11/ 8GB Graph),135999,61.75651041666666,7th Gen AMD Ryzen 7 7840HS,"Octa Core, 16 Threads",32 GB DDR5 RAM,1 TB SSD,"16 inches, 1440 x 2560 pixels",8 GB NVIDIA GeForce RTX 4060,Windows 11 OS,1 Year Warranty,32,1024.0
Acer Aspire Lite 15 AL15-52 Laptop (12th Gen Core i3/ 16GB/ 512GB SSD/ Win11),34880,56.0,12th Gen Intel Core i3 1215U,"Hexa Core (2P + 4E), 8 Threads",16 GB DDR4 RAM,512 GB SSD,"15.6 inches, 1920 x 1080 pixels",Intel UHD Graphics,Windows 11 OS,1 Year Warranty,16,512.0
HP Omen 16-wf1025TX Gaming Laptop (14th Gen Core i7/ 16GB/ 1TB SSD/ Win11 Home/ 8GB Graph),138990,79.0,14th Gen Intel Core i7 14700HX,"20 Cores (8P + 12E), 28 Threads",16 GB DDR5 RAM,1 TB SSD,"16.1 inches, 1920 x 1080 pixels",8 GB NVIDIA GeForce RTX 4060,Windows 11 OS,1 Year Warranty,16,1024.0
MSI Titan 18 HX Gaming Laptop (14th Gen Core i9/ 32GB/ 2TB SSD/ Win11 Home/ RTX 4090),599990,61.75651041666666,14th Gen Intel Core i9 14900HX,32 GB DDR5 RAM,2 TB SSD,16 GB NVIDIA GeForce RTX 4090,Windows 11 OS,"18 inches, 3840 x 2400 pixels",2 Year Warranty,Backlit Keyboard,2,16.0
Lenovo IdeaPad Slim 3 83ER008GIN Laptop (12th Gen Core i5/ 16GB/ 512GB SSD/ Win11 Home),53490,57.0,12th Gen Intel Core i5 12450H,"Octa Core (4P + 4E), 12 Threads",16 GB LPDDR5 RAM,512 GB SSD,"15.6 inches, 1920 x 1080 pixels",Intel Integrated UHD Graphics,Windows 11 OS,1 Year Warranty,16,512.0
Samsung Galaxy Book 4 Ultra Laptop (Intel Core Ultra 7 155H/ 32 GB RAM/ 1 TB SSD/ 6 GB Graphics),299999,75.0,Intel Core Ultra 7 155H,"16 Cores (6P + 8E + 2LP-E), 22 Threads",32 GB LPDDR5X RAM,1 TB SSD,"16 inches, 2880 x 1800 pixels, Touch Screen",6 GB NVIDIA GeForce RTX 4050,Backlit Keyboard,No Warranty,32,1024.0
HP Victus 15-fa1145TX Gaming Laptop (12th Gen Core i5/ 16GB/ 1TB SSD/ Win11 Home/ 4GB Graph),65690,68.0,12th Gen Intel Core i5 12450H,"Octa Core (4P + 4E), 12 Threads",16 GB DDR4 RAM,1 TB SSD,"15.6 inches, 1920 x 1080 pixels",4 GB NVIDIA GeForce RTX 2050,Windows 11 OS,1 Year Warranty,16,1024.0
Colorful Evol P15 Gaming Laptop (12th Gen Core i7/ 16GB/ 512GB SSD/ Win11/ 8GB Graph),89999,70.0,12th Gen Intel Core i7 12650H,"10 Cores (6P + 4E), 16 Threads",16 GB DDR5 RAM,512 GB SSD,"15.6 inches, 2560 x 1440 pixels",8 GB NVIDIA GeForce RTX 4060,Windows 11 OS,1 Year Warranty,16,512.0
Apple MacBook Pro 16 2023 Laptop (Apple M3 Max/ 48GB/ 1TB SSD/ macOS),399900,65.0,Apple M3 Max,16 Cores (12P + 4E),48 GB  RAM,1 TB SSD,"16.2 inches, 3456 x 2234 pixels",40 Core GPU,Mac OS,1 Year Warranty,48,1024.0
Dell Inspiron 3530 Laptop (13th Gen Core i7/ 16GB/ 512GB SSD/ Win11 Home),69990,53.0,13th Gen Intel Core i7 1355U,"10 Cores (2P + 8E), 12 Threads",16 GB DDR4 RAM,512 GB SSD,"15.6 inches, 1920 x 1080 pixels",Intel UHD Graphics,Windows 11 OS,1 Year Warranty,16,512.0
Asus Vivobook 15 X1502ZA-EJ385WS Laptop (12th Gen Core i3/ 8GB/ 512GB SSD/ Win11),39990,53.0,12th Gen Intel Core i3 1220P,"10 Cores (2P + 8E), 12 Threads",8 GB DDR4 RAM,512 GB SSD,"15.6 inches, 1920 x 1080 pixels",Intel UHD Graphics,Windows 11 OS,1 Year Warranty,8,512.0
HP Pavilion 15-eg3032TU Laptop (13th Gen Core i7/ 16GB/ 512GB SSD/ Win11 Home),84700,64.0,13th Gen Intel Core i7 1360P,"12 Cores (4P + 8E), 16 Threads",16 GB DDR4 RAM,512 GB SSD,"15.6 inches, 1920 x 1080 pixels",Intel Iris Xe Graphics,Windows 11 OS,1 Year Warranty,16,512.0
Dell G15-5530 15 2023 Gaming Laptop (13th Gen Core i7/ 16GB/ 1TB SSD/ Win11/ 6GB Graph),99990,70.0,13th Gen Intel Core i7 13650HX,14 Cores (6P + 8E),16 GB DDR5 RAM,1 TB SSD,"15.6 inches, 1920 x 1080 pixels",6 GB NVIDIA GeForce RTX 4050,Windows 11 OS,1 Year Warranty,16,1024.0
HP 15s-fq5185TU Laptop (12th Gen Core i3/ 8GB/ 512GB SSD/ Win11 Home),36349,55.0,12th Gen Intel Core i3 1215U,"Hexa Core (2P + 4E), 8 Threads",8 GB DDR4 RAM,512 GB SSD,"15.6 inches, 1920 x 1080 pixels",Intel Integrated UHD,Windows 11 OS,1 Year Warranty,8,512.0
Zebronics Pro Series Y ZEB-NBC 2S Laptop (11th Gen Core i5 / 16GB/ 512GB SSD/ Win11 Home),27990,57.0,11th Gen Intel Core i5 1155G7,"Quad Core, 8 Threads",16 GB LPDDR4X RAM,512 GB SSD,"15.6 inches, 1920 x 1080 pixels",Intel Integrated UHD,Windows 11 OS,1 Year Warranty,16,512.0
Zebronics ZEB-NBC 5S 2023 Laptop (12th Gen Core i7 / 16GB/ 1TB SSD/ Win11 Home),43990,66.0,12th Gen Intel Core i7 1255U,"10 Cores (2P + 8E), 12 Threads",16 GB DDR4 RAM,1 TB SSD,"15.6 inches, 1920 x 1080 pixels",Intel Integrated,Windows 11 OS,1 Year Warranty,16,1024.0
Lenovo ThinkBook 15 G5 21JFA00BIN Laptop (AMD Ryzen 7 7730U/ 8 GB/ 512 GB SSD/ Win11),44990,65.0,7th Gen AMD Ryzen 7 7730U,"Octa Core, 16 Threads",8 GB DDR4 RAM,512 GB SSD,"15.6 inches, 1920 x 1080 pixels",AMD Radeon AMD,Windows 11 OS,1 Year Warranty,8,512.0
Lenovo IdeaPad Slim 3 82RK00VWIN Laptop (12th Gen Core i3/ 8GB/ 512GB SSD/ Win11),34990,54.0,12th Gen Intel Core i3 1215U,"Hexa Core (2P + 4E), 8 Threads",8 GB DDR4 RAM,512 GB SSD,"15.6 inches, 1920 x 1080 pixels",‎Intel UHD Graphics,Windows 11 OS,1 Year Warranty,8,512.0
HP Victus 16-s0095AX Gaming Laptop (AMD Ryzen 7 7840HS/ 16GB/ 512GB SSD/ Win11/ 6GB Graph),79990,72.0,7th Gen AMD Ryzen 7 7840HS,"Octa Core, 16 Threads",16 GB DDR5 RAM,512 GB SSD,"16.1 inches, 1920 x 1080 pixels",6 GB NVIDIA GeForce RTX 3050,Windows 11 OS,1 Year Warranty,16,512.0
Acer Aspire 7 A715-76G UN.QMYSI.002 Gaming Laptop (12th Gen Core i5/ 16GB/ 512GB SSD/ Win11 Home/ 4GB Graph),53990,66.0,12th Gen Intel Core i5 12450H,"Octa Core (4P + 4E), 12 Threads",16 GB DDR4 RAM,512 GB SSD,"15.6 inches, 1920 x 1080 pixels",4 GB NVIDIA GeForce RTX 2050,Windows 11 OS,1 Year Warranty,16,512.0
Asus TUF Gaming F15 FX506HE-HN382W Gaming Laptop (11th Gen Core i7/ 16GB/ 512GB SSD/ Win11/ 4GB Graph),69990,66.0,11th Gen Intel Core i7 11800H,"Octa Core, 16 Threads",16 GB DDR4 RAM,512 GB SSD,"15.6 inches, 1920 x 1080 pixels",4 GB NVIDIA GeForce RTX 3050 Ti,Windows 11 OS,1 Year Warranty,16,512.0
Asus TUF Gaming F15  FX506HF-HN075W Gaming Laptop (11th Gen Core i5/ 8GB/ 512GB SSD/ Win11/ 4GB Graph),48990,62.0,11th Gen Intel Core i5 11260H,"Hexa Core, 12 Threads",8 GB DDR4 RAM,512 GB SSD,"15.6 inches, 1920 x 1080 pixels",4 GB NVIDIA GeForce RTX 2050,Windows 11 OS,1 Year Warranty,8,512.0
MSI Thin GF63 11UC-1490IN Gaming Laptop (11th Gen Core i5/ 16GB/ 1TB 256GB SSD/ Win11 Home/ 4GB Graph),52990,69.0,11th Gen Intel Core i5 11260H,"Hexa Core, 12 Threads",16 GB DDR4 RAM,1 TB Hard Disk,4 GB NVIDIA GeForce RTX 3050 ,256 GB SSD,"15.6 inches, 1920 x 1080 pixels",Windows 11 OS,16,1024.0
Lenovo LOQ 15APH8 82XT004HIN 2023 Gaming Laptop (AMD Ryzen 7 7840HS/ 16GB/ 512GB SSD/ Win11/ 6GB Graph),79990,70.0,7th Gen AMD Ryzen 7 7840HS,"Octa Core, 16 Threads",16 GB DDR5 RAM,512 GB SSD,"15.6 inches, 1920 x 1080 pixels",6 GB NVIDIA GeForce RTX 3050,Windows 11 OS,1 Year Warranty,16,512.0
Asus Vivobook Go 15 E510MA-EJ001W Laptop (Celeron N4020/ 4GB/ 256GB SSD/ Win11 Home),19990,61.75651041666666,intel Celeron  N4020,"Dual Core, 2 Threads",4 GB DDR4 RAM,256 GB SSD,"15.6 inches, 1920 x 1080 pixels",Integrated Intel UHD Graphics,Windows 11 OS,1 Year Warranty,4,256.0
HP Omen 16-wd0880TX Gaming Laptop (13th Gen Core i5/ 16GB/ 512GB SSD/ Win11 Home/ 6GB Graph),89990,64.0,13th Gen Intel Core i5 13420H,"Octa Core (4P + 4E), 12 Threads",16 GB DDR5 RAM,512 GB SSD,"16.1 inches, 1920 x 1080 pixels",6 GB NVIDIA GeForce RTX 4050,Windows 11 OS,1 Year Warranty,16,512.0
Infinix INBook Y1 Plus Neo 2023 XL30 Laptop (Intel Celeron N5100/ 4GB/ 128GB SSD/ Win 11 Home),18990,61.75651041666666,11th Gen Intel Celeron N5100,"Quad Core, 4 Threads",4 GB LPDDR4X RAM,128 GB SSD,"15.6 inches, 1920 x 1080 pixels",Intel Integrated UHD,Windows 11 OS,1 Year Warranty,4,128.0
Asus Vivobook 15 X1502ZA-EJ741WS Laptop (12th Gen Core i7/ 16GB/ 512GB SSD/ Win11),59990,63.0,12th Gen Intel Core i7 12650H,"10 Cores (6P + 4E), 16 Threads",16 GB DDR4 RAM,512 GB SSD,"15.6 inches, 1920 x 1080 pixels",Intel Iris Xe,Windows 11 OS,1 Year Warranty,16,512.0
Lenovo Ideapad Gaming 3 82SB00NXIN Laptop (AMD Ryzen 5 7535HS/ 16GB/ 512GB SSD/ Win11 Home/ 4GB Graph),53490,65.0,7th Gen AMD Ryzen 5 7535HS,"Hexa Core, 12 Threads",16 GB DDR5 RAM,512 GB SSD,"15.6 inches, 1920 x 1080 pixels",4 GB NVIDIA GeForce RTX 2050,Windows 11 OS,1 Year Warranty,16,512.0
Dell Inspiron 3525 Laptop (AMD Ryzen 5 5500U/ 8GB/ 512GB SSD/ Win11),36890,59.0,5th Gen AMD Ryzen 5 5500U,"Hexa Core, 12 Threads",8 GB DDR4 RAM,512 GB SSD,"15.6 inches, 1920 x 1080 pixels",AMD Radeon Radeon Graphics,Windows 11 OS,1 Year Warranty,8,512.0
Infinix Zerobook 2023 Laptop (13th Gen Core i9/ 32GB/ 1TB SSD/ Win 11 Home),74990,68.0,13th Gen Intel Core i9 13900H,"14 Cores (6P + 8E), 20 Threads",32 GB LPDDR5X RAM,1 TB SSD,"15.6 inches, 1920 x 1080 pixels",Intel Integrated Iris Xe,Windows 11 OS,1 Year Warranty,32,1024.0
Acer Aspire 7 A715-76G NH.QMFSI.004 Gaming Laptop (12th Gen Core i5/ 16GB/ 512GB SSD/ Win11 Home/ 4GB Graph),57990,64.0,12th Gen Intel Core i5 12450H,"Octa Core (4P + 4E), 12 Threads",16 GB DDR4 RAM,512 GB SSD,"15.6 inches, 1920 x 1080 pixels",4 GB NVIDIA GeForce GTX 3050,Windows 11 OS,1 Year Warranty,16,512.0
Asus TUF Gaming A15 FA577NU-LP082W Gaming Laptop (AMD Ryzen 7 7735HS/ 16GB/ 512GB SSD/ Win11/ 6GB Graph),89990,73.0,7th Gen AMD Ryzen 7 7735HS,"Octa Core, 16 Threads",16 GB DDR5 RAM,512 GB SSD,"15.6 inches, 1920 x 1080 pixels",6 GB NVIDIA GeForce RTX 4050,Windows 11 OS,1 Year Warranty,16,512.0
Asus TUF Gaming F15 FX506HF-HN025W Gaming Laptop (11th Gen Core i5/ 16GB/ 512GB SSD/ Win11/ 4GB Graph),52990,66.0,11th Gen Intel Core i5 11400H ,"Hexa Core, 12 Threads",16 GB DDR4 RAM,512 GB SSD,"15.6 inches, 1920 x 1080 pixels",4 GB NVIDIA GeForce RTX 2050,Windows 11 OS,1 Year Warranty,16,512.0
Acer Predator Helios Neo 16 PHN16-71 Gaming Laptop (13th Gen Core i7/ 16GB/ 1TB SSD/ Win11/ 6GB Graph),112500,70.0,13th Gen Intel Core i7 13700HX,"16 Cores (8P + 8E), 24 Threads",16 GB DDR5 RAM,1 TB SSD,"16 inches, 1920 x 1200 pixels",6 GB NVIDIA GeForce RTX 4050,Windows 11 OS,1 Year Warranty,16,1024.0
HP Victus 15-fa0998TX Gaming Laptop (12th Gen Core i5/ 16GB/ 512GB SSD/ Win11/ 4GB Graph),68990,68.0,12th Gen Intel Core i5 12450H,"Octa Core (4P + 4E), 12 Threads",16 GB DDR4 RAM,512 GB SSD,"15.6 inches, 1920 x 1080 pixels",4 GB NVIDIA GeForce RTX 3050,Windows 11 OS,1 Year Warranty,16,512.0
HP 255 G8 689T4PA Laptop (Ryzen 3 3250U/ 8GB/512GB SSD/ Win11 Home),25580,55.0,3rd Gen AMD Ryzen 3 3250U,"Dual Core, 4 Threads",8 GB DDR4 RAM,512 GB SSD,"15.6 inches, 1920 x 1080 pixels",AMD Radeon AMD,Windows 11 OS,1 Year Warranty,8,512.0
MSI Modern 14 C7M-062IN Laptop (Ryzen 5 7530U/ 16GB/ 512GB SSD/ Win11),37990,59.0,7th Gen AMD Ryzen 5 7530U,"Hexa Core, 12 Threads",16 GB DDR4 RAM,512 GB SSD,"14 inches, 1920 x 1080 pixels",AMD Radeon AMD,Windows 11 OS,1 Year Warranty,16,512.0
MSI Sword 15 A12VF-401IN Gaming Laptop (12th Gen Core i7/ 16GB/ 1TB SSD/ Win11/ 8GB Graph),94990,74.0,12th Gen Intel Core i7 12650H,"10 Cores (6P + 4E), 16 Threads",16 GB DDR5 RAM,1 TB SSD,"15.6 inches, 1920 x 1080 pixels",8 GB NVIDIA GeForce RTX 4060,Windows 11 OS,2 Year Warranty,16,1024.0
Samsung Galaxy Book2 NP550XED-KA2IN Laptop (12th Gen Core i5/ 16GB/ 512GB SSD/ Win11),52990,56.0,12th Gen Intel Core i5 1235U ,"10 Cores (2P + 8E), 12 Threads",16 GB LPDDR4 RAM,512 GB SSD,"15.6 inches, 1920 x 1080 pixels",Intel Integrated UHD,Windows 11 OS,1 Year Warranty,16,512.0
Dell Vostro 3520 Laptop (12th Gen Core i5/ 8GB/ 512GB SSD/ Win11),46490,54.0,12th Gen Intel Core i5 1235U,"10 Cores (2P + 8E), 12 Threads",8 GB DDR4 RAM,512 GB SSD,"15.6 inches, 1920 x 1080 pixels",Intel Iris Xe Graphics,Windows 11 OS,1 Year Warranty,8,512.0
Dell Latitude 3430 Laptop (12th Gen Core i5/ 8GB/ 512GB SSD/ Win11 Pro),108000,59.0,12th Gen Intel Core i5 1235U,"10 Cores (2P + 8E), 12 Threads",8 GB DDR4 RAM,512 GB SSD,"14 inches, 1366 x 768 pixels",Intel Iris Xe Graphics,Windows 11 OS,1 Year Warranty,8,512.0
Asus ROG Flow X13 GV301RC-LJ073WS Gaming Laptop (AMD Ryzen 9 6900HS/ 16GB/ 1TB SSD/ Win11 Home/ 4GB Graph),89990,75.0,6th Gen AMD Ryzen 9 6900HS​,"Octa Core, 16 Threads",16 GB LPDDR5 RAM,1 TB SSD,"13.4 inches, 1920 x 1200 pixels, Touch Screen",4 GB ‎NVIDIA GeForce RTX 3050,Windows 11 OS,1 Year Warranty,16,1024.0
Asus Vivobook 16X 2022 M1603QA-MB502WS Laptop (Ryzen 5-5600H/ 8GB/ 512GB SSD/ Win11 Home),46890,62.0,5th Gen AMD Ryzen 5 5600H,"Hexa Core, 12 Threads",8 GB DDR4 RAM,512 GB SSD,"16 inches, 1920 x 1200 pixels",AMD Radeon Vega 7,Windows 11 OS,1 Year Warranty,8,512.0
Asus Vivobook 16X 2022 M1603QA-MB711WS Laptop (Ryzen 7-5800H/ 16GB/ 512GB SSD/ Win11 Home),55200,64.0,5th Gen AMD Ryzen 7  5800H,"Octa Core, 16 Threads",16 GB DDR4 RAM,512 GB SSD,"16 inches, 1920 x 1200 pixels",AMD Radeon Vega 7,Windows 11 OS,1 Year Warranty,16,512.0
HP Victus 16-e0352AX Gaming Laptop (Ryzen 5-5600H/ 8GB/ 512GB SSD/ Win11/ 4GB Graph),44990,65.0,5th Gen AMD Ryzen 5 5600H ,"Hexa Core, 12 Threads",8 GB DDR4 RAM,512 GB SSD,"16.1 inches, 1920 x 1080 pixels",4 GB NVIDIA GeForce GTX 1650,Windows 11 OS,1 Year Warranty,8,512.0
Asus Vivobook 15 Touch X515EA-EZ311WS Laptop (11th Gen Core i3/ 8GB/ 512GB SSD/ Win11 Home),31990,54.0,11th Gen Intel Core i3 1115G4,"Dual Core, 4 Threads",8 GB DDR4 RAM,512 GB SSD,"15.6 inches, 1920 x 1080 pixels, Touch Screen",Intel Integrated UHD Graphics,Windows 11 OS,1 Year Warranty,8,512.0
Samsung Galaxy Book2 15 Laptop (12th Gen Core i5/ 8GB/ 512GB SSD/ Win11),49990,61.75651041666666,Processor: 12th Generation Intel Core i5-1235U processor (1.3 GHz up to 4.4 GHz 12 MB L3…,Memory: 8 GB LPDDR4 Memory (On BD 8 GB),Storage: 512 GB NVMe SSD,Operating System: Windows 11 Home,Display: 15.6 inch (39.6 cm),Preinstalled Software: MS Office Home & Student 2021,Intel Iris Xe Graphics,Ports: 1 HDMI,512,11.0
iBall Excelance CompBook Laptop (AQC/ 2GB/ 32GB/Win10),8000,61.75651041666666,Intel Atom Quad Core Z3735F,Quad Core,2 GB DDR3 RAM,32 GB Hard Disk,"11.6 inches, 1366 x 768 pixels",Intel HD Graphics,Windows 10 OS,1 Year Warranty,2,32.0
Samsung Galaxy Book 4 Edge Laptop (Snapdragon X Elite/ 16GB/ 512GB SSD/ Win11),162990,55.0,Qualcomm X Elite,32 GB LPDDR5X RAM,1 TB SSD,Intel Arc Graphics,Windows 11 OS,"16 inches, 2880 x 1800 pixels, Touch Screen",1 Year Warranty,Backlit Keyboard,1,
HP Victus 15-fa1216TX Gaming Laptop (13th Gen Core i5/ 16GB/ 512GB SSD/ Win11 Home/ RTX 3050),74490,62.0,13th Gen Intel Core i5 13420H,"Octa Core (4P + 4E), 12 Threads",16 GB DDR4 RAM,512 GB SSD,"15.6 inches, 1920 x 1080 pixels",NVIDIA GeForce RTX 3050,Windows 11 OS,1 Year Warranty,16,512.0
HP Victus 15-fa1128TX Gaming Laptop (13th Gen Core i5/ 16GB/ 512GB SSD/ Win11 Home/ 4GB Graph),65990,64.0,13th Gen Intel Core i5 13420H,"Octa Core (4P + 4E), 12 Threads",16 GB DDR4 RAM,512 GB SSD,"15.6 inches, 1920 x 1080 pixels",4 GB NVIDIA GeForce RTX 2050,Windows 11 OS,1 Year Warranty,16,512.0
Lenovo Legion Pro 7i 2024 Gaming Laptop (14th Gen Core i9/ 32GB/ 1TB SSD/ Win11 Home/ 12GB Graph),297758,61.75651041666666,14th Gen Intel Core i9 14900HX,"24 Cores (8P + 16E), 32 Threads",32 GB DDR5 RAM,1 TB SSD,"16 inches, 2560 x 1600 pixels",12 GB NVIDIA Geforce RTX 4080,Windows 11 OS,1 Year Warranty,32,1024.0
Asus Zenbook S13 OLED 2024 UX5304MA-NQ762WS Laptop ( Intel Core Ultra 7 155U/ 32GB/ 1TB SSD/ Win11),139990,70.0,Intel Core Ultra 7 155U,"12 Cores (2P + 8E + 2LP-E), 14 Threads",32 GB LPDDR5X RAM,1 TB SSD,"13.3 inches, 2880 x 1800 pixels",Intel Integrated Intel Iris Xe Graphics,Windows 11 OS,1 Year Warranty,32,1024.0
Lenovo ThinkPad P14s 21HF001EIG Laptop (13th Gen Core i7/ 16GB/ 512GB SSD/ Win11 Pro),109990,71.0,13th Gen Intel Core i7 1360P,"12 Cores (4P + 8E), 16 Threads",16 GB LPDDR5X RAM,512 GB SSD,"14 inches, 1920 x 1200 pixels",4 GB NVIDIA RTX A500,Windows 11 OS,3 Year Warranty,16,512.0
Lenovo ThinkPad P14s 21HF001FIG Laptop (13th Gen Core i7/ 16GB/ 512GB SSD/ Win11 Pro/ 4GB Graphics),129990,72.0,13th Gen Intel Core i7 1360P,"12 Cores (4P + 8E), 16 Threads",16 GB LPDDR5X RAM,512 GB SSD,"14 inches, 1920 x 1200 pixels",4 GB NVIDIA RTX A500,Windows 11 OS,3 Year Warranty,16,512.0
Asus Zenbook S13 OLED 2024 UX5304MA-NQ752WS Laptop ( Intel Core Ultra 7 155U/ 16GB/ 1TB SSD/ Win11),129990,65.0,Intel Core Ultra 7 155U,"12 Cores (2P + 8E + 2LP-E), 14 Threads",16 GB LPDDR5X RAM,1 TB SSD,"13.3 inches, 2880 x 1800 pixels",Intel Integrated Intel Iris Xe Graphics,Windows 11 OS,1 Year Warranty,16,1024.0
HP Envy x360 14-fc0106TU Laptop (Intel Core Ultra 7 155U/ 16GB/ 512GB SSD/ Win11),108999,68.0,Intel Core Ultra 7 155U,"12 Cores (2P + 8E + 2LP-E), 14 Threads",16 GB LPDDR5 RAM,512 GB SSD,"14 inches, 1920 x 1200 pixels, Touch Screen",Integrated Intel Graphics,Windows 11 OS,1 Year Warranty,16,512.0
MSI Katana A17 AI B8VF-845IN Gaming Laptop (AMD Ryzen 7 8845HS/ 16GB/ 1TB SSD/ Win11 Home/ 8GB Graph),119990,77.0,8th Gen AMD Ryzen 7 8845HS,"Octa Core, 16 Threads",16 GB DDR5 RAM,1 TB SSD,"17.3 inches, 1920 x 1080 pixels",8 GB NVIDIA GeForce RTX 4060,Windows 11 OS,2 Year Warranty,16,1024.0
Apple MacBook Air 2024 MRYN3HN/A Laptop (Apple M3/ 8GB/ 512GB SSD/ MacOS),154900,56.0,Apple M3,Octa Core (4P + 4E),8 GB DDR4 RAM,512 GB SSD,"15.3 inches, 2880 x 1864 pixels",10-Core GPU,Mac OS,1 Year Warranty,8,512.0
Apple MacBook Air 15 2024 MRYR3HN/A Laptop (Apple M3/ 8GB/ 256GB SSD/ MacOS),133553,54.0,Apple M3,Octa Core (4P + 4E),8 GB DDR4 RAM,256 GB SSD,"15.3 inches, 2880 x 1864 pixels",10-Core GPU,Mac OS,1 Year Warranty,8,256.0
Apple MacBook Air 2024 MRXW3HN/A Laptop (Apple M3/ 8GB/ 512GB SSD/ MacOS),134900,61.75651041666666,Apple M3,Octa Core (4P + 4E),8 GB  RAM,512 GB SSD,"13.6 inches, 2560 x 1664 pixels",Apple 10 Core GPU,Mac OS,1 Year Warranty,8,512.0
Apple MacBook Air 15 2024 Laptop (Apple M3/ 16GB/ 512GB SSD/ MacOS),174900,57.0,Apple M3,Octa Core (4P + 4E),16 GB  RAM,512 GB SSD,"15.3 inches, 2880 x 1864 pixels",10-Core GPU,Mac OS,1 Year Warranty,16,512.0
MSI Vector 16 HX A14VGG-279IN Gaming Laptop (14th Gen Core i7/ 32GB/ 1TB SSD/ Win11 Home/ 8GB Graph),197990,61.75651041666666,14th Gen Intel Core i7 14700HX,"20 Cores (8P + 12E), 28 Threads",32 GB DDR5 RAM,1 TB SSD,"16 inches, 2560 x 1600 pixels",8 GB NVIDIA GeForce RTX 4070,Windows 11 OS,2 Year Warranty,32,1024.0
Xiaomi Redmi Book Pro 16 2024 Laptop (Intel Core Ultra 5/ 32GB/ 1TB SSD/ Win 11),69990,62.0,Intel Core Ultra 5 Series 1 125H,"14 Cores (4P + 8E + 2LP-E), 18 Threads",32 GB LPDDR5x RAM,1 TB SSD,"16 inches, 3072 x 1920 pixels",Intel  ARC Graphics,Windows 11 OS,1 Year Warranty,32,1024.0
Xiaomi Redmi Book Pro 14 2024 Laptop (Intel Core Ultra 5/ 16GB/ 512GB SSD/ Win 11),59990,61.0,Intel Core Ultra 5 Series 1 125H,"14 Cores (4P + 8E + 2LP-E), 18 Threads",16 GB LPDDR5x RAM,512 GB SSD,"14 inches, 2880 x 1800 pixels",Intel Iris Xe Graphics,Windows 11 OS,2 Year Warranty,16,512.0
Lenovo Legion Y9000K 2024 Gaming Laptop (14th Gen Core i9/ 64GB/ 2TB SSD/ Win11/ 16GB Graph),349990,61.75651041666666,14th Gen Intel Core i9 14900HX,"24 Cores (8P + 16E), 32 Threads",64 GB DDR5 RAM,2 TB SSD,"16 inches, 3200 x 2000 pixels",16 GB NVIDIA GeForce RTX 4090,Windows 11 OS,1 Year Warranty,64,1024.0
Samsung Galaxy Book 4 360 NP750QGK-KG3IN Laptop (Intel Core 7 Processor 150U/ 16GB/ 1TB SSD/ Win11),138990,61.0,Intel Core 7 Processor Series 1 150U,"10 Cores (2P + 8E), 12 Threads",16 GB LPDDR5 RAM,1 TB SSD,"15.6 inches, 1920 x 1080 pixels, Touch Screen",Intel Graphics,Windows 11 OS,1 Year Warranty,16,1024.0
Samsung Galaxy Book 4 Pro 360 NP960QGK-KG1IN Laptop (Intel Core Ultra 7/ 16GB/ 512GB SSD/ Win11),163990,69.0,Intel Core Ultra 7 Series 1 155H,"16 Cores (6P + 8E + 2LP-E), 22 Threads",16 GB LPDDR5X RAM,512 GB SSD,"16 inches, 2880 x 1800 pixels, Touch Screen",Intel Arc Graphics,Windows 11 OS,1 Year Warranty,16,512.0
Samsung Galaxy Book 4 360 NP750QGK-KG2IN Laptop (Intel Core 7 Processor 150U/ 16GB/ 512GB SSD/ Win11),122990,59.0,Intel Core 7 Processor Series 1 150U,"10 Cores (2P + 8E), 12 Threads",16 GB LPDDR5 RAM,512 GB SSD,"15.6 inches, 1920 x 1080 pixels, Touch Screen",Intel Graphics,Windows 11 OS,1 Year Warranty,16,512.0
Samsung Galaxy Book 4 360 NP750QGK-KG1IN Laptop (Intel Core 5 Processor 120U/ 16GB/ 512GB SSD/ Win11),114990,57.0,Intel Core 5 Processor Series 1 120U,"10 Cores (2P + 8E), 12 Threads",16 GB LPDDR5 RAM,512 GB SSD,"15.6 inches, 1920 x 1080 pixels, Touch Screen",Intel Graphics,Windows 11 OS,1 Year Warranty,16,512.0
Samsung Galaxy Book 4 Pro 360 NP960QGK-KG2IN Laptop (Intel Core Ultra 7/ 16GB/ 1TB SSD/ Win11),179990,70.0,Intel Core Ultra 7 Series 1 155H,"16 Cores (6P + 8E + 2LP-E), 22 Threads",16 GB LPDDR5X RAM,1 TB SSD,"16 inches, 2880 x 1800 pixels, Touch Screen",Intel Arc Graphics,Windows 11 OS,1 Year Warranty,16,1024.0
Acer Aspire Lite AL15-51 Laptop (11th Gen Core i7/ 16GB/ 512GB SSD/ Win11),49499,59.0,11th Gen Intel Core i7 1165G7,"Quad Core, 8 Threads",16 GB DDR4 RAM,512 GB SSD,"15.6 inches, 1920 x 1080 pixels",Intel Iris Xe Graphics,Windows 11 OS,1 Year Warranty,16,512.0
Samsung Galaxy Book 4 Pro 14 NP940XGK-KG3IN Laptop (Intel Core Ultra 7/ 32GB/ 1TB SSD/ Win11),171990,72.0,Intel Core Ultra 7 Series 1 155H,"16 Cores (6P + 8E + 2LP-E), 22 Threads",32 GB LPDDR5X RAM,1 TB SSD,"14 inches, 2880 x 1800 pixels, Touch Screen",Intel Arc Graphics,Windows 11 OS,1 Year Warranty,32,1024.0
Samsung Galaxy Book 4 Pro 14 NP940XGK-KS1IN Laptop (Intel Core Ultra 5/ 16GB/ 512GB SSD/ Win11),131990,65.0,Intel Core Ultra 5 Series 1 125H,"14 Cores (4P + 8E + 2LP-E), 18 Threads",16 GB LPDDR5X RAM,512 GB SSD,"14 inches, 2880 x 1800 pixels, Touch Screen",Intel Arc Graphics,Windows 11 OS,1 Year Warranty,16,512.0
Samsung Galaxy Book 4 Pro NP960XGK-KG1IN Laptop (Intel Core Ultra 5/ 16GB/ 512GB SSD/ Win11),141990,65.0,Intel Core Ultra 5 Series 1 125H,"14 Cores (4P + 8E + 2LP-E), 18 Threads",16 GB LPDDR5X RAM,512 GB SSD,"16 inches, 2880 x 1800 pixels, Touch Screen",Intel Arc Graphics,Windows 11 OS,1 Year Warranty,16,512.0
Samsung Galaxy Book 4 Pro NP960XGK-KG2IN Laptop (Intel Core Ultra 7/ 16GB/ 512GB SSD/ Win11),149990,68.0,Intel Core Ultra 7 Series 1 155H,"16 Cores (6P + 8E + 2LP-E), 22 Threads",16 GB LPDDR5X RAM,512 GB SSD,"16 inches, 2880 x 1800 pixels, Touch Screen",Intel Arc Graphics,Windows 11 OS,1 Year Warranty,16,512.0
Samsung Galaxy Book 4 Pro NP960XGK-KG3IN Laptop (Intel Core Ultra 7/ 32GB/ 1TB SSD/ Win11),181990,73.0,Intel Core Ultra 7 Series 1 155H,"16 Cores (6P + 8E + 2LP-E), 22 Threads",32 GB LPDDR5X RAM,1 TB SSD,"16 inches, 2880 x 1800 pixels, Touch Screen",Intel Arc Graphics,Windows 11 OS,1 Year Warranty,32,1024.0
Lenovo IdeaPad Slim 5 83DA0049IN Laptop (Intel Core Ultra 5/ 16 GB RAM/ 1TB SSD/ Win 11),76990,61.75651041666666,Intel Core Ultra 5 Series 1 125H,"14 Cores (4P + 8E + 2LP-E), 18 Threads",16 GB LPDDR5 RAM,1 TB SSD,"14 inches, 1920 x 1200 pixels",Intel Arc Graphics,Windows 11 OS,1 Year Warranty,16,1024.0
Asus VivoBook 15 X1500EA-EJ111WS Laptop (Intel Pentium Gold/ 8GB/ 256GB SSD/ Win11),25990,61.75651041666666,Intel Pentium Gold 7505,"Dual Core, 4 Threads",8 GB DDR4 RAM,256 GB SSD,"15.6 inches, 1920 x 1080 pixels",Intel Integrated UHD,Windows 11 OS,1 Year Warranty,8,256.0
Dell G15-5530 GN5530D83M6001ORB1 Gaming Laptop (13th Gen Core i5/ 16GB/ 512GB SSD/ Win11/ 6GB Graph),79990,66.0,13th Gen Intel Core i5 13450HX,"10 Cores (6P + 4E), 16 Threads",16 GB DDR5 RAM,512 GB SSD,"15.6 inches, 1920 x 1080 pixels",6 GB NVIDIA GeForce RTX 3050,Windows 11 OS,1 Year Warranty,16,512.0
HP 15-fd0221TU Laptop (13th Gen Core i5/ 16GB/ 512GB SSD/ Win11 Home),60799,52.0,13th Gen Intel Core i5 1334U,"10 Cores (2P + 8E), 12 Threads",16 GB DDR4 RAM,512 GB SSD,"15.6 inches, 1920 x 1080 pixels",Intel Integrated Integrated,Windows 11 OS,1 Year Warranty,16,512.0
HP Pavilion x360 14-ek0183TU Laptop (12th Gen Core i3/ 8GB/ 512GB SSD/ Win11),54990,62.0,12th Gen Intel Core i3 1215U,"Hexa Core (2P + 4E), 8 Threads",8 GB DDR4 RAM,512 GB SSD,"14 inches, 1920 x 1080 pixels, Touch Screen",Intel Integrated UHD,Windows 11 OS,1 Year Warranty,8,512.0
Infinix INBook Y4 Max Series Laptop (13th Gen Core i5/ 16GB/ 512GB SSD/ Win 11 Home),43990,53.0,13th Gen Intel Core i5 1335U,"10 Cores (2P + 8E), 12 Threads",16 GB LPDDR4X RAM,512 GB SSD,"16 inches, 1920 x 1200 pixels",Intel Integrated Iris Xe,Windows 11 OS,1 Year Warranty,16,512.0
HP Victus 15-fa1124TX Gaming Laptop (12th Gen Core i5/ 8GB/ 512GB SSD/ Win11/ 4GB Graph),58490,64.0,12th Gen Intel Core i5 12450H,"Octa Core (4P + 4E), 12 Threads",8 GB DDR4 RAM,512 GB SSD,"15.6 inches, 1920 x 1080 pixels",4 GB NVIDIA GeForce RTX 2050,Windows 11 OS,1 Year Warranty,8,512.0
Infinix INBook Y4 Max Series YL613 Laptop (13th Gen Core i3/ 16GB/ 512GB SSD/ Win 11 Home),36990,54.0,13th Gen Intel Core i3 1315U,"Hexa Core (2P + 4E), 8 Threads",16 GB LPDDR4X RAM,512 GB SSD,"16 inches, 1920 x 1200 pixels",Intel Integrated Iris Xe,Windows 11 OS,1 Year Warranty,16,512.0
HP 245 G9 841W7PA Laptop (AMD Ryzen 3 3250U/ 8 GB RAM/ 512 GB SSD/ DOS),24900,50.0,3rd Gen AMD Ryzen 3 3250U,"Dual Core, 4 Threads",8 GB DDR4 RAM,512 GB SSD,"14 inches, 1366 x 768 pixels",AMD Radeon Graphics,DOS OS,1 Year Warranty,8,512.0
HP 15s-fr5011TU Laptop (12th Gen Core i5/ 16GB/ 512GB SSD/ Win11 Home),53799,57.0,12th Gen Intel Core i5 1235U,"10 Cores (2P + 8E), 12 Threads",16 GB DDR4 RAM,512 GB SSD,"15.6 inches, 1920 x 1080 pixels",Intel UHD Graphics,Windows 11 OS,1 Year Warranty,16,512.0
Lenovo V15 G4 ‎82YU00W9IN Laptop (Ryzen 5 7520U/ 8GB/ 512GB SSD/ Win11 Home),33990,56.0,7th Gen AMD Ryzen 5 7520U,"Quad Core, 8 Threads",8 GB LPDDR5 RAM,512 GB SSD,"15.6 inches, 1920 x 1080 pixels",AMD Radeon Graphics,Windows 11 OS,1 Year Warranty,8,512.0
Lenovo Legion Pro 5 161IRX9 Laptop (14th Gen Core i9/ 32GB/ 1TB SSD/ Win11/ 8GB Graph),149990,69.0,Intel Core i9 14900HX,"24 Cores (8P + 16E), 32 Threads",32 GB DDR5 RAM,1 TB SSD,"16 inches, 2560 x 1600 pixels",8 GB NVIDIA GeForce RTX 4070,Windows 11 OS,1 Year Warranty,32,1024.0
Lenovo IdeaPad Slim 1 82R400BGIN Laptop (AMD Ryzen 5 5500U/ 8GB/ 512GB SSD/ Win11 Home),35490,61.75651041666666,5th Gen AMD Ryzen 5 5500U,"Hexa Core, 12 Threads",8 GB  DDR4 RAM,512 GB SSD,"15.6 inches, 1920 x 1080 pixels",AMD Radeon Graphics,Windows 11 OS,1 Year Warranty,8,512.0
Infinix INBook Y2 Plus Laptop (11th Gen Core i5/ 16GB/ 512GB SSD/ Win 11 Home),33990,51.0,11th Gen Intel Core i5 1155G7,"Quad Core, 8 Threads",16 GB LPDDR4X RAM,512 GB SSD,"15.6 inches, 1920 x 1080 pixels",Intel Integrated Iris Xe,Windows 11 OS,1 Year Warranty,16,512.0
Lenovo IdeaPad Gaming 3 82SB00Y8IN Laptop (AMD Ryzen 7 6800H/ 16GB/ 512GB SSD/ Win11 Home/ 4GB Graph),69990,66.0,6th Gen AMD Ryzen 7 6800H,"Octa Core, 16 Threads",16 GB DDR4 RAM,512 GB SSD,"15.6 inches, 1920 x 1080 pixels",4 GB NVIDIA GeForce RTX 3050,Windows 11 OS,1 Year Warranty,16,512.0
Xiaomi Redmi Book 14 2024 Laptop (13th Gen Core i5/ 16GB/ 512GB SSD/ Win 11),49990,57.0,13th Gen Intel Core i5 13500H,"12 Cores (4P + 8E), 16 Threads",16 GB LPDDR5 RAM,512 GB SSD,"14 inches, 2880 x 1800 pixels",Intel ARC Graphics,Windows 11 OS,1 Year Warranty,16,512.0
Xiaomi Redmi Book 16 2024 Laptop (13th Gen Core i5/ 16GB/ 512GB SSD/ Win 11),52990,57.0,13th Gen Intel Core i5 13500H,"12 Cores (4P + 8E), 16 Threads",16 GB LPDDR5 RAM,512 GB SSD,"16 inches, 2560 x 1600 pixels",Intel Iris Xe Graphics,Windows 11 OS,1 Year Warranty,16,512.0
Samsung Galaxy Book 4 360 Laptop (13th Gen Core i7/ 16GB/ 512GB SSD/ Win11),129900,57.0,13th Gen Intel Core i7 1355U,"10 Cores (2P + 8E), 12 Threads",16 GB LPDDR5 RAM,512 GB SSD,"13.3 inches, 1920 x 1080 pixels, Touch Screen",Intel Iris Xe Graphics,Windows 11 OS,1 Year Warranty,16,512.0
Apple MacBook Pro 16 2023 Laptop (Apple M3 Max/ 36GB/ 1TB SSD/ macOS),320690,64.0,Apple M3 Max,14 Cores (10P + 4E),36 GB  RAM,1 TB SSD,"16.2 inches, 3456 x 2234 pixels",30 Core GPU,Mac OS,1 Year Warranty,36,1024.0
Apple MacBook Pro 14 2023 Laptop (Apple M3 Pro/ 18GB/ 512GB SSD/ macOS),186899,54.0,Apple M3 Pro,11 Cores (5P + 6E),18 GB  RAM,512 GB SSD,"14.2 inches, 3024 x 1964 pixels",14 Core GPU,Mac OS,1 Year Warranty,18,512.0
Lenovo LOQ 15APH8 82XT004KIN Gaming Laptop (AMD Ryzen 7 7840HS/ 16GB/ 512GB SSD/ Win11/ 8GB Graph),98790,71.0,7th Gen AMD Ryzen 7 7840HS,"Octa Core, 16 Threads",16 GB DDR5 RAM,512 GB SSD,"15.6 inches, 1920 x 1080 pixels",8 GB NVIDIA GeForce RTX 4060,Windows 11 OS,1 Year Warranty,16,512.0
Lenovo V15 G4 Laptop (AMD Athlon Silver 7120U/ 8GB/ 512GB SSD/ Win11 Home),24790,61.75651041666666,AMD Athlon Silver 7120U,"Dual Core, 2 Threads",8 GB LPDDR5 RAM,512 GB SSD,"15.6 inches, 1920 x 1080 pixels",AMD Radeon 610M,Windows 11 OS,1 Year Warranty,8,512.0
Apple MacBook Pro 14 2023 Laptop (Apple M3/ 8GB/ 512GB SSD/ macOS),154990,50.0,Apple M3,Octa Core (4P + 4E),8 GB  RAM,512 GB SSD,"14.2 inches, 3024 x 1964 pixels",10 Core GPU,Mac OS,1 Year Warranty,8,512.0
Acer Aspire Lite AL15-52 Laptop (12th Gen Core i3/ 8GB/ 512GB SSD/ Win11),31990,54.0,12th Gen Intel Core i3 1215U,"Hexa Core (2P + 4E), 8 Threads",8 GB DDR4 RAM,512 GB SSD,"15.6 inches, 1920 x 1080 pixels",Intel UHD Graphics,Windows 11 OS,1 Year Warranty,8,512.0
Gigabyte G5 MF-G2IN313SH Laptop (12th Gen Core i7/ 16GB/ 512GB SSD/ Win11 Home/ 6GB Graph),69990,66.0,12th Gen Intel Core i7 12650H,"10 Cores (6P + 4E), 16 Threads",16 GB DDR4 RAM,512 GB SSD,"15 inches, 1920 x 1080 pixels",6 GB NVIDIA GeForce RTX 4050,Windows 11 OS,2 Year Warranty,16,512.0
Lenovo V15 G4 Laptop (AMD Ryzen 5 7520U/ 8GB/ 512GB SSD/ Win11 Home),34821,50.0,7th Gen AMD Ryzen 5 7520U ,"Quad Core, 8 Threads",8 GB DDR5 RAM,512 GB SSD,"15.6 inches, 1920 x 1080 pixels",AMD Radeon Graphics,Windows 11 OS,1 Year Warranty,8,512.0
Acer Aspire 5 A515-58GM 15 2023 Gaming Laptop (13th Gen Core i5/ 16GB/ 512GB SSD/ Win11/ 4GB Graphics),60999,61.0,13th Gen Intel Core i5 13420H,"Octa Core (4P + 4E), 12 Threads",16 GB DDR4 RAM,512 GB SSD,"15.6 inches, 1920 x 1080 pixels",4 GB NVIDIA GeForce RTX 2050,Windows 11 OS,1 Year Warranty,16,512.0
Lenovo Yoga Slim 6 14IAP8 82WU0095IN Laptop (12th Gen Core i5/ 16GB/ 512GB SSD/ Win11 Home),63700,62.0,12th Gen Intel Core i5 1240P,"12 Cores (4P + 8E), 16 Threads",16 GB LPDDR5 RAM,512 GB SSD,"14 inches, 2240 x 1400 pixels",Intel Integrated Iris Xe,Windows 11 OS,1 Year Warranty,16,512.0
Zebronics Pro Series Y ZEB-NBC 1S Laptop (11th Gen Core i3 / 8GB/ 512GB SSD/ Win11 Home),23990,51.0,11th Gen Intel Core i3 1125G4,"Quad Core, 8 Threads",8 GB LPDDR4 RAM,512 GB SSD,"15.6 inches, 1920 x 1080 pixels",Intel Integrated UHD,Windows 11 OS,1 Year Warranty,8,512.0
Asus TUF Gaming F17 FX707ZC4-HX048WS Gaming Laptop (12th Gen Core i5/ 8GB/ 512GB SSD/ Win11/ 4GB Graph),71990,66.0,12th Gen Intel Core i5 12500H,"12 Cores (4P + 8E), 16 Threads",8 GB DDR5 RAM,512 GB SSD,"17.3 inches, 1920 x 1080 pixels",4 GB NVIDIA GeForce RTX 3050,Windows 11 OS,1 Year Warranty,8,512.0
MSI Bravo 15 B7ED-012IN Gaming Laptop (AMD Ryzen 5 7535HS/ 8GB/ 512GB SSD/ Win11 Home/ 4GB Graph),49990,61.0,7th Gen AMD Ryzen 5 7535HS,"Hexa Core, 12 Threads",8 GB DDR5 RAM,512 GB SSD,"15.6 inches, 1920 x 1080 pixels",4 GB AMD Radeon RX6550M,Windows 11 OS,1 Year Warranty,8,512.0
Asus Vivobook 16 2023 X1605VA-MB947WS Laptop (13th Gen Core i9/ 16GB/ 512GB SSD/ Win11 Home),77990,65.0,13th Gen Intel Core i9 13900H,"14 Cores (6P + 8E), 20 Threads",16 GB DDR4 RAM,512 GB SSD,"16 inches, 1920 x 1200 pixels",Integrated Intel Iris Xe Graphics,Windows 11 OS,1 Year Warranty,16,512.0
Dell Inspiron 15 3520 IN352092K4N001ORS1 Laptop (12th Gen Core i5/ 16GB/ 512GB SSD/ Win11),52499,52.0,12th Gen Intel Core i5 1235U,"10 Cores (2P + 8E), 12 Threads",16 GB DDR4 RAM,512 GB SSD,"15.6 inches, 1920 x 1080 pixels",Intel Integrated Graphics,Windows 11 OS,1 Year Warranty,16,512.0
Chuwi FreeBook Laptop (12th Gen Core i3/ 12GB/ 512GB SSD/ Win11),27990,61.75651041666666,12th Gen Intel Core i3 1215U,"Hexa Core (2P + 4E), 8 Threads",12 GB LPDDR4 RAM,512 GB SSD,"13.5 inches, 2256 x 1504 pixels, Touch Screen",Intel Integrated Intel UHD Graphics,Windows 11 OS,1 Year Warranty,12,512.0
HP 15S-FQ5202TU Laptop (12th Gen Core i5/ 8 GB RAM/ 512 GB SSD/ Win 11),47990,53.0,12th Gen Intel Core i5 1235U,"10 Cores (2P + 8E), 12 Threads",8 GB DDR4 RAM,512 GB SSD,"15.6 inches, 1920 x 1080 pixels",Intel Iris Xe Graphics,Windows 11 OS,1 Year Warranty,8,512.0
Infinix INBook X3 Slim XL422 2023 Laptop (12th Gen Core i3/ 8GB/ 512GB SSD/ Win 11 Home),29990,61.75651041666666,12th Gen Intel Core i3 1215U,"Hexa Core (2P + 4E), 8 Threads",8 GB LPDDR4X RAM,512 GB SSD,"14 inches, 1920 x 1080 pixels",Intel Integrated Iris Xe,Windows 11 OS,1 Year Warranty,8,512.0
HP Victus 15-fb0150AX Gaming Laptop (AMD Ryzen 5 5600H/ 16GB/ 512GB SSD/ Win11/ 4GB Graph),52499,68.0,5th Gen AMD Ryzen 5 5600H,"Hexa Core, 12 Threads",16 GB DDR4 RAM,512 GB SSD,"15.6 inches, 1920 x 1080 pixels",4 GB AMD Radeon RX 6500M Graphics,Windows 11 OS,1 Year Warranty,16,512.0
Asus TUF Gaming F15 FX577ZC-HN192W Gaming Laptop (12th Gen Core i7/ 16GB/1TB SSD/ Win11 / 4GB Graph),84990,72.0,12th Gen Intel Core i7 12700H ,"14 Cores, 20 Threads",16 GB DDR5 RAM,1 TB SSD,"15.6 inches, 1920 x 1080 pixels",4 GB NVIDIA GeForce RTX 3050,Windows 11 OS,1 Year Warranty,16,1024.0
MSI Thin GF63 11SC-1494IN Gaming Laptop (11th Gen Core i5/ 8GB/ 512GB SSD/ Win11 Home/ 4GB Graph),41990,60.0,11th Gen Intel Core i5 11260H,"Hexa Core, 12 Threads",8 GB DDR4 RAM,512 GB SSD,"15.6 inches, 1920 x 1080 pixels",4 GB NVIDIA GeForce GTX 1650,Windows 11 OS,2 Year Warranty,8,512.0
Asus VivoBook 15 X1500EA-EJ326WS Laptop (11th Gen Core i3/ 8GB/ 512GB SSD/ Win11),31990,52.0,11th Gen intel Core i3 1115G4,"Dual Core, 4 Threads",8 GB DDR4  RAM,512 GB SSD,"15.6 inches, 1920 x 1080 pixels",Intel UHD Graphics,Windows 11 OS,1 Year Warranty,8,512.0
Lenovo LOQ 15IRH8 82XV00BRIN 2023 Gaming Laptop (13th Gen Core i7/ 16GB/ 512GB SSD/ Win11/ 8GB Graph),104990,60.0,13th Gen Intel Core i7,16 GB DDR5 RAM,512 GB SSD,8 GB NVIDIA GeForce RTX 4060,Windows 11 OS,"15.6 inches, 1920 x 1080 pixels",1 Year Warranty,Backlit Keyboard,512,8.0
HP Victus 16-D0314TX Gaming Laptop (11th Gen Core i5/ 16GB/ 512GB SSD/ Win11/ 4GB Graph),60200,71.0,11th Gen Intel Core i5 11400H ,"Hexa Core, 12 Threads",16 GB DDR4 RAM,512 GB SSD,"16.1 inches, 1920 x 1080 pixels",4 GB NVIDIA GeForce GTX 1650,Windows 11 OS,1 Year Warranty,16,512.0
Asus Zenbook 14X OLED 2023 UX5401ZA-KM541WS Laptop (12th Gen Core i5/ 16GB/ 512GB SSD/ Win11 Home),67990,62.0,12th Gen Intel Core i5 12500H ,"12 Cores (4P + 8E), 16 Threads",16 GB  RAM,512 GB SSD,"14 inches, 2880 x 1800 pixels",Intel Iris Xe,Windows 11 OS,1 Year Warranty,16,512.0
Acer Aspire Lite AL15 Laptop (AMD Ryzen 5 5500U/ 16GB/ 512GB SSD/ Win11),36990,56.0,5th Gen AMD Ryzen 5 5500U,"Hexa Core, 12 Threads",16 GB DDR4 RAM,512 GB SSD,"15.6 inches, 1920 x 1080 pixels",AMD Graphics,Windows 11 OS,1 Year Warranty,16,512.0
Walker NU14A1 Laptop (Celeron N4020/ 4GB/ 128GB SSD / Win11 Home),12990,61.75651041666666,Intel Celeron  N4020,"Dual Core, 2 Threads",4 GB DDR4 RAM,128 GB SSD,"14.1 inches, 1920 x 1080 pixels",Intel Integrated UHD Graphics,Windows 11 OS,1 Year Warranty,4,128.0
Asus Vivobook 16X 2023 K3605ZU-MB541WS Laptop (12th Gen Core i5/ 16GB/ 512GB SSD/ Win11 Home/ 6GB Graph),76990,69.0,12th Gen Intel Core i5 12450H,"Octa Core (4P + 4E), 12 Threads",16 GB DDR4 RAM,512 GB SSD,"16 inches, 1920 x 1200 pixels",6 GB NVIDIA Geforce RTX 4050,Windows 11 OS,1 Year Warranty,16,512.0
HP Pavilion Plus 14-eh1022TU Laptop (13th Gen Core i5/ 16GB/ 512GB SSD/ Win 11),72490,64.0,13th Gen Intel Core i5 1340P,"12 Cores (4P + 8E), 16 Threads",16 GB DDR4 RAM,512 GB SSD,"14 inches, 2240 x 1400 pixels",Intel Iris Xe Graphics,Windows 11 OS,1 Year Warranty,16,512.0
Infinix Zerobook ZL513 2023 Laptop (13th Gen Core i5/ 16GB/ 512GB SSD/ Win 11 Home),49990,52.0,13th Gen Intel Core i5 13500H,"12 Cores (4P + 8E), 16 Threads",16 GB LPDDR5X RAM,512 GB SSD,"15.6 inches, 1920 x 1080 pixels",Intel Integrated Iris Xe,Windows 11 OS,1 Year Warranty,16,512.0
Dell Latitude 3420 GD723YX17 Laptop (11th Gen Core i5/ 8GB/ 512GB SSD/ Ubuntu),37890,55.0,11th Gen Intel Core i5 1135G7,"Quad Core, 8 Threads",8 GB DDR4 RAM,512 GB SSD,"14 inches, 1366 x 768 pixels",Intel UHD Graphics,Ubuntu OS,1 Year Warranty,8,512.0
Dell Inspiron 5630 Laptop (13th Gen Core i5/ 16GB/ 512GB SSD/ Win11),72990,66.0,13th Gen Intel Core i5 1340P,"12 Cores (4P + 8E), 16 Threads",16 GB LPDDR5  RAM,512 GB SSD,"16 inches, 2560 x 1600 pixels",Intel Iris Xe Graphics,Windows 11 OS,1 Year Warranty,16,512.0
Acer Aspire 3 A315-59 NX.K6TSI.00C Laptop (12th Gen Core i3/ 8GB/ 512GB SSD/ Win11),31990,53.0,12th Gen Intel Core i3 1215U,"Hexa Core (2P + 4E), 8 Threads",8 GB DDR4 RAM,512 GB SSD,"15.6 inches, 1920 x 1080 pixels",Intel Iris Xe Graphics ,Windows 11 OS,1 Year Warranty,8,512.0
Infinix INBook X2 Slim Series Laptop (11th Gen Core i3/ 8GB/ 512GB SSD/ Win 11 Home),25990,53.0,11th Gen Intel Core i3  1115G4,"Dual Core, 4 Threads",8 GB LPDDR4X RAM,512 GB SSD,"14 inches, 1920 x 1080 pixels",Intel Integrated UHD Graphics,Windows 11 OS,1 Year Warranty,8,512.0
HP Victus 15-fb0137AX Gaming Laptop (Ryzen 7 5800H/ 16GB/ 512GB SSD/ Win11/ 4GB Graph),64990,63.0,5th Gen AMD Ryzen 7 5800H,"Octa Core, 16 Threads",16 GB DDR4 RAM,512 GB SSD,"15.6 inches, 1920 x 1080 pixels",4 GB NVIDIA GeForce RTX 3050,Windows 11 OS,1 Year Warranty,16,512.0
HP Pavilion 15s-fq5190TU Laptop (12th Gen Core i7/ 16GB/ 512GB SSD/ Win11 Home),62842,61.0,12th Gen Intel Core i7 1255U,"10 Cores (2P + 8E), 12 Threads",16 GB DDR4 RAM,512 GB SSD,"15.6 inches, 1920 x 1080 pixels",Intel Iris Xe,Windows 11 OS,1 Year Warranty,16,512.0
Lenovo V14 G3 82TSA01KIH Laptop (12th Gen Core i3/ 8GB/ 512GB SSD/ Dos),27799,61.75651041666666,12th Gen Intel Core i3 1215U,"Hexa Core (2P + 4E), 8 Threads",8 GB DDR4 RAM,512 GB SSD,"14 inches, 1920 x 1080 pixels",Intel Integrated UHD,DOS OS,1 Year Warranty,8,512.0
HP Pavilion 15-eg3081TU Laptop (13th Gen Core i5/ 16GB/ 512GB SSD/ Win11 Home),68990,62.0,13th Gen Intel Core i5 1340P,"12 Cores (4P + 8E), 16 Threads",16 GB DDR4 RAM,512 GB SSD,"15.6 inches, 1920 x 1080 pixels",Intel Integrated Integrated,Windows 11 OS,1 Year Warranty,16,512.0
Asus Vivobook 14X OLED 2023 K3405VCB-KM542WS Laptop (13th Gen Core i5/ 16GB/ 512GB SSD/ Win11/4 GB Graphics),86990,64.0,13th Gen Intel Core i5 13500H,"12 Cores (4P + 8E), 16 Threads",16 GB DDR4 RAM,512 GB SSD,"14 inches, 2880 x 1800 pixels",4 GB NVIDIA Geforce RTX 3050,Windows 11 OS,1 Year Warranty,16,512.0
HP Victus 15-fb0122AX Gaming Laptop (AMD Ryzen 5 5600H/ 8GB/ 512GB SSD/ Win11/ 4GB Graph),52999,63.0,5th Gen AMD Ryzen 5  5600H ,"Hexa Core, 12 Threads",8 GB DDR4 RAM,512 GB SSD,"15.6 inches, 1920 x 1080 pixels",4 GB NVIDIA GeForce GTX 1650,Windows 11 OS,1 Year Warranty,8,512.0
Asus Vivobook Pro 16 OLED 2023 K6602VU-LZ952WS Laptop (13th Gen Core i9/ 16GB/ 1TB SSD/ Win11/ 6GB Graph),149990,61.75651041666666,13th Gen Intel Core i9 13900H,"14 Cores (6P + 8E), 20 Threads",16 GB DDR5 RAM,1 TB SSD,"16 inches, 3200 x 2000 pixels",6 GB NVIDIA GeForce RTX 4050,Windows 11 OS,1 Year Warranty,16,1024.0
Acer Nitro 5 AN515-47 Gaming Laptop (AMD Ryzen 7 7735HS/ 16GB/ 512GB SSD/ Win11 Home/ 4GB Graph),69990,68.0,7th Gen AMD Ryzen 7 7735HS,"Octa Core, 16 Threads",16 GB DDR5 RAM,512 GB SSD,"15.6 inches, 1920 x 1080 pixels",4 GB NVIDIA GeForce RTX 3050,Windows 11 OS,1 Year Warranty,16,512.0
Apple MacBook Air 15 2023 Laptop (Apple M2/ 8GB/ 256GB SSD/ MacOS),113690,52.0,Apple M2,Octa Core (4P + 4E),8 GB DDR4 RAM,256 GB SSD,"15.3 inches, 2880 x 1864 pixels",10-Core GPU,Mac OS,1 Year Warranty,8,256.0
HP Pavilion x360 14-ek1010TU Laptop (13th Gen Core i5/ 16GB/ 1TB SSD/ Win11),74990,65.0,13th Gen Intel Core i5 1335U,"10 Cores (2P + 8E), 12 Threads",16 GB DDR4 RAM,1 TB SSD,"14 inches, 1920 x 1080 pixels, Touch Screen",Intel Integrated Iris Xe,Windows 11 OS,1 Year Warranty,16,1024.0
MSI Stealth 17 A13VH-055IN Gaming Laptop (13th Gen Core i9/ 64GB/ 2TB SSD/ Win11 Home/ 12GB Graph),489883,61.75651041666666,13th Gen Intel Core i9 13900H,"14 Cores (6P + 8E), 20 Threads",64 GB DDR5 RAM,2 TB SSD,"17.3 inches, 3840 x 2160 pixels",12 GB Nvidia GeForce RTX4080,Windows 11 OS,2 Year Warranty,64,1024.0
Acer Extensa EX215-23 NX.EH3SI.003 Laptop (Ryzen 5 7520U/ 8 GB/512 GB SSD/Win11 Home),31990,50.0,7th Gen AMD Ryzen 5 7520U,"Quad Core, 8 Threads",8 GB LPDDR5 RAM,512 GB SSD,"15.6 inches, 1920 x 1080 pixels",AMD Radeon AMD,Windows 11 OS,1 Year Warranty,8,512.0
Samsung Galaxy Book 3 NP750XFG-KA3IN Laptop (13th Gen Core i7/ 16GB/ 512GB SSD/ Win11),81990,56.0,13th Gen Intel Core i7 1355U,"10 Cores (2P + 8E), 12 Threads",16 GB LPDDR4x RAM,512 GB SSD,"15.6 inches, 1920 x 1080 pixels",Intel Iris Xe Graphics,Windows 11 OS,1 Year Warranty,16,512.0
Samsung Galaxy Book 3 Laptop (13th Gen Core i5/ 8GB/ 512GB SSD/ Win11),69990,61.75651041666666,13th Gen Intel Core i7 1355U,"10 Cores (2P + 8E), 12 Threads",16 GB LPDDR4x RAM,512 GB SSD,"15.6 inches, 1920 x 1080 pixels",Intel Iris Xe Graphics,Windows 11 OS,1 Year Warranty,16,512.0
HP Omen 17-ck1023TX Gaming Laptop (12th Gen Core i9/ 32GB/ 2TB SSD/ Win11/ 16GB Graph),195999,61.75651041666666,12th Gen Intel Core i9 12900HX,"16 Cores (8P + 8E), 24 Threads",32 GB DDR5 RAM,2 TB SSD,"17.3 inches, 2560 x 1440 pixels",16 GB NVIDIA GeForce RTX 3080Ti,Windows 11  OS,1 Year Warranty,32,1024.0
Dell G15-5521 SE D560738WIN9B Laptop (12th Gen Core i7/ 16GB/ 1TB SSD/ Win11 Home/ 6GB Graph),99890,75.0,12th Gen Intel Core i7 12700H,"14 Cores (6P + 8E), 20 Threads",16 GB DDR5 RAM,1 TB SSD,"15.6 inches, 2560 x 1440 pixels",6 GB NVIDIA GeForce RTX 3060,Windows 11 OS,1 Year Warranty,16,1024.0
Acer Aspire 5 A515-57G UN.K9TSI.002 Gaming Laptop (12th Gen Core i5/ 16GB/ 512GB SSD/ Win11 Home/ 4GB Graph),52990,68.0,12th Gen Intel Core i5 1240P,"12 Cores (4P + 8E), 16 Threads",16 GB DDR4 RAM,512 GB SSD,"15.6 inches, 1920 x 1080 pixels",4 GB NVIDIA GeForce RTX 2050,Windows 11 OS,1 Year Warranty,16,512.0
Asus TUF Gaming A15 2022 FA577RE-HN055WS Gaming Laptop (AMD Ryzen 7 6800H/ 16GB/ 512GB SSD/ Win11/ 4GB Graph),72000,71.0,6th Gen AMD Ryzen 7 6800H ,"Octa Core, 16 Threads",16 GB DDR5 RAM,512 GB SSD,"15.6 inches, 1920 x 1080 pixels",4 GB NVIDIA GeForce RTX 3050 Ti,Windows 11 OS,1 Year Warranty,16,512.0
Asus Vivobook S14 OLED S3402ZA-KM501WS Laptop (12th Gen Core i5/ 16GB/ 512GB SSD/ Win11 Home),64990,63.0,12th Gen Intel Core i5 12500H,"12 Cores (4P + 8E), 16 Threads",16 GB DDR4 RAM,512 GB SSD,"14 inches, 2880 x 1800 pixels",Intel Iris Xe Graphics,Windows 11 OS,1 Year Warranty,16,512.0
Dell G15-5520 Laptop (12th Gen Core i5/ 16GB/ 512GB SSD/ Win11 Home/ 4GB Graph),73776,68.0,12th Gen Intel Core i5 12500H,"12 Cores (4P + 8E), 16 Threads",16 GB DDR5 RAM,512 GB SSD,"15.6 inches, 1920 x 1080 pixels",4 GB NVIDIA GeForce RTX 3050,Windows 11 OS,1 Year Warranty,16,512.0
Dell Precision 5550 Laptop (10th Gen Core i7/ 16GB/ 512GB SSD/ Win10 Pro/ 4GB Graph),184999,66.0,10th Gen Intel Core i7 10750H,"Hexa Core, 12 Threads",16 GB DDR4  RAM,512 GB SSD,"15.6 inches, 1920 x 1200 pixels",4 GB NVIDIA ,Windows 10 OS,Backlit Keyboard,16,512.0
Lenovo Thinkpad E16 21JN004GIG Laptop (13th Gen Core i5/ 8GB/ 512GB SSD/ DOS),63490,59.0,13th Gen Intel Core i5 1335U,"10 Cores (2P + 8E), 12 Threads",8 GB DDR4 RAM,512 GB SSD,"16 inches, 1920 x 1080 pixels",Intel Integrated Iris Xe,Windows 11 OS,1 USB 3.0 Ports,8,512.0
Infinix INBook Y4 Max Series YL613 Laptop (13th Gen Core i3/ 8GB/ 512GB SSD/ Win 11 Home),37990,52.0,13th Gen Intel Core i3 1315U,"Hexa Core (2P + 4E), 8 Threads",8 GB LPDDR4X RAM,512 GB SSD,"16 inches, 1920 x 1200 pixels",Intel Integrated Iris Xe,Windows 11 OS,1 Year Warranty,8,512.0
Lenovo IdeaPad Slim 3 ‎15IAH8 83ER00BCIN Laptop (12th Gen Core i5/ 16GB/ 512GB SSD/ Win11 Home),53390,57.0,12th Gen Intel Core i5 12450H,"Octa Core (4P + 4E), 12 Threads",16 GB LPDDR5 RAM,512 GB SSD,"15.6 inches, 1920 x 1080 pixels",Intel Integrated UHD Graphics,Windows 11 OS,1 Year Warranty,16,512.0
HP Envy x360 15-fe0011TX Laptop (13th Gen Core i7/ 16GB/ 512GB SSD/ Win11/ 4GB Graphics),120490,68.0,13th Gen Intel Core i7 1355U,"10 Cores (2P + 8E), 12 Threads",16 GB LPDDR5 RAM,512 GB SSD,"15.6 inches, 1920 x 1080 pixels, Touch Screen",4 GB NVIDIA GeForce RTX 3050,Windows 11 OS,1 Year Warranty,16,512.0
Lenovo Thinkpad E16 G1 21JN004DIG Laptop (13th Gen Core i3/ 8GB/ 512GB SSD/ DOS),42990,59.0,13th Gen Intel Core i3 1315U,"Hexa Core (2P + 4E), 8 Threads",8 GB DDR4 RAM,512 GB SSD,"16 inches, 1920 x 1080 pixels",Intel Integrated Iris Xe,Windows 11 OS,1 USB 3.0 Ports,8,512.0
MSI Commercial 14 H A13MG-064IN Laptop (13th Gen Core i5/ 16GB/ 512GB SSD/ Win11),87990,62.0,13th Gen Intel Core i5 13420H,"Octa Core (4P + 4E), 12 Threads",16 GB DDR4 RAM,512 GB SSD,"14 inches, 1920 x 1200 pixels",Intel Integrated Iris Xe,Windows 11 OS,3 Year Warranty,16,512.0
HP 15-FC0029AU Laptop (AMD Ryzen 5 7520U/ 8GB/ 512GB SSD/ Win11 Home),41990,56.0,7th Gen AMD Ryzen 5 7520U,"Quad Core, 8 Threads",8 GB LPDDR5 RAM,512 GB SSD,"15.6 inches, 1920 x 1080 pixels",AMD Radeon AMD,Windows 11 OS,1 Year Warranty,8,512.0
Lenovo IdeaPad 1 82V700ECIN Laptop (Celeron N4020/ 8GB/ 512GB SSD/ Win11 Home),30700,61.75651041666666,4th Gen Intel Celeron N4020,"Dual Core, 2 Threads",8 GB DDR4 RAM,512 GB SSD,"15.6 inches, 1366 x 768 pixels",Intel UHD Graphics 600,Windows 11 OS,1 Year Warranty,8,512.0
Honor MagicBook X16 Pro 2024 ‎Laptop (13th Gen Core i5/ 16GB/ 512GB SSD/ Win11 Home),79990,57.0,13th Gen Intel Core i5 13420H,"Octa Core (4P + 4E), 12 Threads",16 GB LPDDR4x RAM,512 GB SSD,"16 inches, 1920 x 1200 pixels",Intel UHD Graphics,Windows 11 OS,1 Year Warranty,16,512.0
Honor MagicBook X14 Pro 2024 ‎Laptop (13th Gen Core i5/ 16GB/ 512GB SSD/ Win11 Home),59990,54.0,13th Gen Intel Core i5 13420H,"Octa Core (4P + 4E), 12 Threads",16 GB LPDDRx4 RAM,512 GB SSD,"14 inches, 1920 x 1200 pixels",Intel UHD Graphics,Windows 11 OS,1 Year Warranty,16,512.0
Lenovo ThinkPad P14s 21K5S00700 Laptop (AMD Ryzen 7 Pro 7840U/ 32GB/ 512GB SSD/ Win11 Pro),109990,70.0,7th Gen AMD Ryzen 7 7840U,"Octa Core, 16 Threads",32 GB LPDDR5X RAM,512 GB SSD,"14 inches, 1920 x 1200 pixels",AMD Radeon Integrated Graphics,Windows 11 OS,3 Year Warranty,32,512.0
HP Envy x360 14-fa0038AU Laptop (AMD Ryzen 5 8640HS/ 16GB/ 512GB SSD/ Win11),86990,68.0,8th Gen AMD Ryzen 5 8640HS,"Hexa Core, 12 Threads",16 GB LPDDR5 RAM,512 GB SSD,"14 inches, 1920 x 1200 pixels, Touch Screen",AMD Radeon Graphics,Windows 11 OS,1 Year Warranty,16,512.0
HP 15s-fq5327TU Laptop (12th Gen Core i3/ 8GB/ 512GB SSD/ Win11 Home),37490,55.0,12th Gen Intel Core i3 1215U,"Hexa Core (2P + 4E), 8 Threads",8 GB DDR4 RAM,512 GB SSD,"15.6 inches, 1920 x 1080 pixels",Intel UHD Graphics,Windows 11 OS,1 Year Warranty,8,512.0
MSI Stealth 14 AI Studio A1VGG-054IN Gaming Laptop (Intel Core Ultra 7 155H/ 32GB/ 1TB SSD/ Win11 Home/ 8GB Graph),229990,61.75651041666666,Intel Core Ultra 7 Series 1 155H,"16 Cores (6P + 8E + 2LP-E), 22 Threads",32 GB DDR5 RAM,1 TB SSD,"15.6 inches, 2880 x 1800 pixels",8 GB NVIDIA GeForce RTX 4060,Windows 11 OS,2 Year Warranty,32,1024.0
MSI Katana A15 AI B8VE-418IN Gaming Laptop (AMD Ryzen 7 8845HS/ 16GB/ 512GB SSD/ Win11 /6GB Graph),104990,70.0,8th Gen AMD Ryzen 7 8845HS,"Octa Core, 16 Threads",16 GB DDR5 RAM,512 GB SSD,"15.75 inches, 1920 x 1080 pixels",6 GB NVIDIA GeForce RTX 4050,Windows 11 OS,2 Year Warranty,16,512.0
MSI Cyborg 15 AI A1VEK-050IN Gaming Laptop (Intel Core Ultra 7 155H/ 16GB/ 1TB SSD/ Win11/ 6GB Graph),107990,68.0,Intel Core Ultra 7 Series 1 155H,"16 Cores (6P + 8E + 2LP-E), 22 Threads",16 GB DDR5 RAM,1 TB SSD,"15.6 inches, 1920 x 1080 pixels",6 GB NVIDIA GeForce RTX 4050,Windows 11 OS,2 Year Warranty,16,1024.0
MSI Cyborg 15 AI A1VEK-051IN Gaming Laptop (Intel Core Ultra 5 125H/ 16GB/ 1TB SSD/ Win11/ 6GB Graph),99990,66.0,Intel Core Ultra 5 Series 1 125H,"14 Cores (4P + 8E + 2LP-E), 18 Threads",16 GB DDR5 RAM,1 TB SSD,"15.6 inches, 1920 x 1080 pixels",6 GB NVIDIA GeForce RTX 4050,Windows 11 OS,2 Year Warranty,16,1024.0
MSI Cyborg 15 AI A1VFK-049IN Gaming Laptop (Intel Core Ultra 7 155H/ 16GB/ 1TB SSD/ Win11/ 8GB Graph),114990,69.0,Intel Core Ultra 7 Series 1 155H,"16 Cores (6P + 8E + 2LP-E), 22 Threads",16 GB DDR5 RAM,1 TB SSD,"15.6 inches, 1920 x 1080 pixels",8 GB NVIDIA GeForce RTX 4060,Windows 11 OS,2 Year Warranty,16,1024.0
MSI Raider GE78 HX 14VHG-805IN Gaming Laptop (14th Gen Core i9/ 32GB/ 2TB SSD/ Win11 Home/ 12GB Graph),299990,61.75651041666666,14th Gen Intel Core i9 14900HX,"24 Cores (8P + 16E), 32 Threads",32 GB DDR5 RAM,2 TB SSD,"17 inches, 2560 x 1600 pixels",12 GB NVIDIA GeForce RTX 4080,Windows 11 OS,2 Year Warranty,32,1024.0
MSI Commercial 14 H A13MG vPro-065IN Laptop (13th Gen Core i7/ 32GB/ 1TB SSD/Win11),109990,69.0,13th Gen Intel Core i7 13700H,"14 Cores (6P + 8E), 20 Threads",32 GB DDR4 RAM,1 TB SSD,"14 inches, 1920 x 1200 pixels",Intel Integrated Iris Xe,Windows 11 OS,3 Year Warranty,32,1024.0
MSI Thin A15 AI B7UCX-068IN Gaming Laptop (AMD Ryzen 5 7535H/ 16GB/ 512GB SSD/ Win11/ 4GB Graph),65990,69.0,7th Gen AMD Ryzen 5 7535HS,"Hexa Core, 12 Threads",16 GB DDR4 RAM,512 GB SSD,"15.6 inches, 1920 x 1080 pixels",4 GB NVIDIA GeForce RTX 2050,Windows 11 OS,2 Year Warranty,16,512.0
MSI Thin A15 AI B7UC-067IN Gaming Laptop (AMD Ryzen 5 7535H/ 16GB/ 512GB SSD/ Win11/ 4GB Graph),71990,70.0,7th Gen AMD Ryzen 5 7535HS,"Hexa Core, 12 Threads",16 GB DDR4 RAM,512 GB SSD,"15.6 inches, 1920 x 1080 pixels",4 GB NVIDIA GeForce RTX 3050,Windows 11 OS,2 Year Warranty,16,512.0
MSI Thin A15 AI B7VE-066IN Gaming Laptop (AMD Ryzen 5 7535H/ 16GB/ 512GB SSD/ Win11/ 6GB Graph),81990,71.0,7th Gen AMD Ryzen 5 7535HS,"Hexa Core, 12 Threads",16 GB DDR4 RAM,512 GB SSD,"15.6 inches, 1920 x 1080 pixels",6 GB NVIDIA GeForce RTX 4050,Windows 11 OS,2 Year Warranty,16,512.0
MSI Thin A15 AI B7VE-065IN Gaming Laptop (AMD Ryzen 7 7735H/ 16GB/ 1TB SSD/ Win11/ 6GB Graph),91990,73.0,7th Gen AMD Ryzen 7 7735HS,"Octa Core, 16 Threads",16 GB DDR4 RAM,1 TB SSD,"15.6 inches, 1920 x 1080 pixels",6 GB NVIDIA GeForce RTX 4050,Windows 11 OS,2 Year Warranty,16,1024.0
MSI Stealth 16 AI Studio A1VGG-057IN Gaming Laptop (Intel Core Ultra 9/ 32GB/ 2TB SSD/ Win11/ 8GB Graph),249990,61.75651041666666,Intel Core Ultra 9 Series 1 185H,"16 Cores (6P + 8E + 2LP-E), 22 Threads",32 GB DDR5 RAM,2 TB SSD,"16 inches, 2560 x 1600 pixels",8 GB NVIDIA GeForce RTX 4060,Windows 11 OS,2 Year Warranty,32,1024.0
MSI Vector 17 HX A14VHG-806IN Gaming Laptop (14th Gen Core i9/ 32GB/ 2TB SSD/ Win11 Home/ 12GB Graph),279990,61.75651041666666,14th Gen Intel Core i9 14900HX,"24 Cores (8P + 16E), 32 Threads",32 GB DDR5 RAM,2 TB SSD,"17 inches, 2560 x 1600 pixels",12 GB NVIDIA GeForce RTX 4080,Windows 11 OS,2 Year Warranty,32,1024.0
Chuwi HeroBook Plus Laptop (Intel Celeron N4020/ 8GB/ 256GB SSD/ Win11),18990,61.75651041666666,Intel ‎Celeron N4020,"Dual Core, 2 Threads",8 GB DDR3 RAM,256 GB SSD,"15.6 inches, 1920 x 1080 pixels",Intel HD Graphics,Windows 11 OS,1 Year Warranty,8,256.0
HP Omen 16-wf0179TX Gaming Laptop (13th Gen Core i7/ 16GB/ 512GB SSD/ Win11/ 6GB Graph),105990,72.0,13th Gen Intel Core i7 13700HX,"16 Cores (8P + 8E), 24 Threads",16 GB DDR5 RAM,1 TB SSD,"16.1 inches, 2560 x 1440 pixels",6 GB NVIDIA GeForce RTX 3050,Windows 11 OS,1 Year Warranty,16,1024.0
Infinix INBook X2 Slim XL23 Series Laptop (11th Gen Core i5/ 8GB/ 512GB SSD/ Win 11 Home),32990,52.0,11th Gen Intel Core i5 1155G7,"Quad Core, 8 Threads",8 GB LPDDR4X RAM,512 GB SSD,"14 inches, 1920 x 1080 pixels",Intel Integrated Iris Xe,Windows 11 OS,1 Year Warranty,8,512.0
Asus Vivobook S15 OLED S5504VA-MA951WS Laptop (13th Gen Core i9/ 16GB/ 1TB SSD/ Win11),110709,66.0,13th Gen Intel Core i9 13900H,"14 Cores (6P + 8E), 20 Threads",16 GB LPDDR5 RAM,1 TB SSD,"15.6 inches, 2880 x 1620 pixels",Intel Iris Xe Graphics,Windows 11 OS,1 Year Warranty,16,1024.0
MSI Modern 15 C13M-080IN Laptop (13th Gen Core i7/ 16GB/ 1TB SSD/ Win11 Home),69990,61.0,13th Gen Intel Core i7 13700H,"14 Cores (6P + 8E), 20 Threads",16 GB DDR4 RAM,1 TB SSD,"15.6 inches, 1920 x 1080 pixels",Intel Integrated Iris Xe,Windows 11 OS,1 Year Warranty,16,1024.0
MSI Modern 15 C13M-079IN Laptop (13th Gen Core i9/ 16GB/ 1TB SSD/ Win11 Home),79990,66.0,13th Gen Intel Core i9 13900H,"14 Cores (6P + 8E), 20 Threads",16 GB DDR4 RAM,1 TB SSD,"15.6 inches, 1920 x 1080 pixels",Intel Integrated Iris Xe,Windows 11 OS,1 Year Warranty,16,1024.0
MSI Modern 15 C13M-081IN Laptop (13th Gen Core i5/ 16GB/ 512GB SSD/ Win11 Home),59990,57.0,13th Gen Intel Core i5 13420H,"Octa Core (4P + 4E), 12 Threads",16 GB DDR4 RAM,512 GB SSD,"15.6 inches, 1920 x 1080 pixels",Intel Integrated Iris Xe,Windows 11 OS,1 Year Warranty,16,512.0
Chuwi GemiBook Plus CWI620 Laptop (Intel Celeron N100/ 8GB/ 256GB SSD/ Win11 Home),21990,61.75651041666666,12th Gen Intel Celeron N100,"Quad Core, 4 Threads",8 GB LPDDR5 RAM,256 GB SSD,"15.6 inches, 1920 x 1080 pixels",Intel Integrated UHD Graphics,Windows 11 OS,1 Year Warranty,8,256.0
HP Pavilion Plus 14-ew0116TU Laptop (13th Gen Core i5/ 16GB/ 512GB SSD/ Win 11),70490,57.0,13th Gen Intel Core i5 1335U,"10 Cores (2P + 8E), 12 Threads",16 GB LPDDR5x RAM,512 GB SSD,"14 inches, 1920 x 1200 pixels",Intel Iris Xe Graphics,Windows 11 OS,1 Year Warranty,16,512.0
MSI Commercial 14 H A13MG-070IN Laptop (13th Gen Core i7/ 16 GB/ 1TB SSD/Win11 Home),97990,64.0,13th Gen Intel Core i7 13620H,"10 Cores (6P + 4E), 16 Threads",16 GB DDR4 RAM,1 TB SSD,"14 inches, 1920 x 1200 pixels",Intel Integrated Iris Xe,Windows 11 OS,3 Year Warranty,16,1024.0
MSI Stealth 16 AI Studio A1VFG-058IN Gaming Laptop (Intel Core Ultra 7/ 32GB/ 1TB SSD/ Win11 Home/ 8GB Graph),199990,61.75651041666666,Intel Core Ultra 7 Series 1 155H,"16 Cores (6P + 8E + 2LP-E), 22 Threads",32 GB DDR5 RAM,1 TB SSD,"16 inches, 2560 x 1600 pixels",8 GB NVIDIA GeForce RTX 4060,Windows 11 OS,2 Year Warranty,32,1024.0
MSI Modern 14 D13MG-073IN Laptop (13th Gen Core i5/ 16GB/ 512GB SSD/ Win11 Home),58990,56.0,13th Gen Intel Core i5 13420H,"Octa Core (4P + 4E), 12 Threads",16 GB DDR4 RAM,512 GB SSD,"14 inches, 1920 x 1200 pixels",Intel Integrated Iris Xe,Windows 11 OS,1 Year Warranty,16,512.0
MSI Prestige 16 AI Studio B1VFG 2024 Laptop ( Intel Core Ultra 9/ 32GB/ 1TB SSD/ Win11/ 8GB Graphics),189990,61.75651041666666,Intel Core Ultra 9 Series 1 185H,"16 Cores (6P + 8E + 2LP-E), 22 Threads",32 GB LPDDR5 RAM,1 TB SSD,"16 inches, 2560 x 1600 pixels",8 GB NVIDIA GeForce RTX 4060,Windows 11 OS,2 Year Warranty,32,1024.0
Lenovo LOQ 15IRH8 82XV00LTIN 2023 Gaming Laptop (12th Gen Core i5/ 16GB/ 512GB SSD/ Win11/ 4GB Graph),73882,68.0,12th Gen Intel Core i5 12450H,"Octa Core (4P + 4E), 12 Threads",16 GB DDR5 RAM,512 GB SSD,"15.6 inches, 1920 x 1080 pixels",4 GB NVIDIA GeForce RTX 2050,Windows 11 OS,1 Year Warranty,16,512.0
Lenovo IdeaPad Slim 3 82H803W7IN Laptop (11th Gen Core i3/ 8GB/ 512GB SSD/ Win11),35500,61.75651041666666,11th Gen Intel Core i3 1115G4,"Dual Core, 4 Threads",8 GB DDR4 RAM,512 GB SSD,"15.6 inches, 1920 x 1080 pixels",Intel UHD Graphics,Windows 11 OS,1 Year Warranty,8,512.0
Dell Inspiron 5620 ICC-C783534WIN8 Laptop (12th Gen Core i5/ 16GB/ 512GB SSD/ Win11),64990,66.0,12th Gen Intel Core i5 1240P,"12 Cores (4P + 8E), 16 Threads",16 GB DDR4 RAM,512 GB SSD,"16 inches, 1920 x 1080 pixels",Intel Integrated,Windows 11 OS,1 Year Warranty,16,512.0
MSI Prestige 16 AI Studio B1VFG Laptop ( Intel Core Ultra 7/ 32GB/ 1TB SSD/ Win11/ 8GB Graphics),169990,61.75651041666666,Intel Core Ultra 7 Series 1 155H,"16 Cores (6P + 8E + 2LP-E), 22 Threads",32 GB LPDDR5 RAM,1 TB SSD,"16 inches, 2560 x 1600 pixels",8 GB NVIDIA GeForce RTX 4060,Windows 11 OS,2 Year Warranty,32,1024.0
MSI Modern 14 D13MG-071IN Laptop (13th Gen Core i9/ 16GB/ 1TB SSD/ Win11 Home),78990,66.0,13th Gen Intel Core i9 13900H,"14 Cores (6P + 8E), 20 Threads",16 GB DDR4 RAM,1 TB SSD,"14 inches, 1920 x 1200 pixels",Intel Integrated Iris Xe,Windows 11 OS,1 Year Warranty,16,1024.0
MSI Modern 14 D13MG-072IN Laptop (13th Gen Core i7/ 16GB/ 1TB SSD/ Win11 Home),68990,60.0,13th Gen Intel Core i7 13620H,"10 Cores (6P + 4E), 16 Threads",16 GB DDR4 RAM,1 TB SSD,"14 inches, 1920 x 1200 pixels",Intel Integrated Iris Xe,Windows 11 OS,1 Year Warranty,16,1024.0
MSI Prestige 16 AI Evo  B1MG Laptop ( Intel Core Ultra 7/ 16GB/ 1TB SSD/ Win11),119990,70.0,Intel Core Ultra 7 Series 1 155H,"16 Cores (6P + 8E + 2LP-E), 22 Threads",16 GB LPDDR5 RAM,1 TB SSD,"16 inches, 2561 x 1600 pixels",Intel Integrated Arc,Windows 11 OS,2 Year Warranty,16,1024.0
MSI Prestige 13 AI Evo A1MG 2024 Laptop (Intel Core Ultra 7/ 16GB/ 1TB SSD/ Win11 Home),114990,69.0,Intel Core Ultra 7 Series 1 155H,"16 Cores (6P + 8E + 2LP-E), 22 Threads",16 GB LPDDR5 RAM,1 TB SSD,"13.3 inches, 2880 x 1800 pixels",Intel Arc Graphics,Windows 11 OS,2 Year Warranty,16,1024.0
MSI Prestige 13 AI Evo A1MG Laptop (Intel Core Ultra 5/ 16GB/ 1TB SSD/ Win11 Home),99990,66.0,Intel Core Ultra 5 Series 1 125H,"14 Cores (4P + 8E + 2LP-E), 18 Threads",16 GB LPDDR5 RAM,1 TB SSD,"13.3 inches, 2880 x 1800 pixels",Intel Arc Graphics,Windows 11 OS,2 Year Warranty,16,1024.0
MSI Prestige 16 AI Studio B1VEG Laptop ( Intel Core Ultra 7/ 32GB/ 1TB SSD/ Win11/ 6GB Graphics),159990,61.75651041666666,Intel Core Ultra 7 Series 1 155H,"16 Cores (6P + 8E + 2LP-E), 22 Threads",32 GB LPDDR5 RAM,1 TB SSD,"16 inches, 2560 x 1600 pixels",6 GB NVIDIA GeForce RTX 4050,Windows 11 OS,2 Year Warranty,32,1024.0
Asus ROG Strix SCAR 16 2024 G634JZR-CM932WS Gaming Laptop (14th Gen Core i9/ 32GB/ 2TB SSD/ Win11 Home/ 12GB Graph),289990,61.75651041666666,14th Gen Intel Core i9 14900HX,"24 Cores (8P + 16E), 32 Threads",32 GB DDR5 RAM,2 TB SSD,"16 inches, 2560 x 1600 pixels",12 GB NVIDIA GeForce RTX 4080,Windows 11 OS,1 Year Warranty,32,1024.0
Asus TUF F17 FX706HF-NY040W Gaming Laptop (11th Gen Core i5/ 16GB/ 512GB SSD/ Win11/ 4GB Graph),65990,63.0,11th Gen Intel Core i5 11400H,"Hexa Core, 12 Threads",16 GB DDR6 RAM,512 GB SSD,"17.3 inches, 1920 x 1080 pixels",4 GB NVIDIA GeForce RTX 2050,Windows 11 OS,1 Year Warranty,16,512.0
HP Pavilion 15-eh1147AU Laptop (AMD Ryzen 7 5700U/ 16GB/ 1TB SSD/ Win11 Home),60490,63.0,5th Gen AMD Ryzen 7 5700U,"Octa Core, 16 Threads",16 GB DDR4 RAM,1 TB SSD,"15.6 inches, 1920 x 1080 pixels",AMD Radeon Radeon,Windows 11 OS,1 Year Warranty,16,1024.0
Asus Zenbook 14 OLED 2024 UX3405MA-PZ552WS Laptop (Intel Core Ultra 5/ 16GB/ 1TB SSD/ Win11 Home),102900,63.0,Intel Core Ultra 5 Series 1 125H,"14 Cores (4P + 8E + 2LP-E), 18 Threads",16 GB LPDDR5X RAM,1 TB SSD,"14 inches, 2880 x 1800 pixels, Touch Screen",Intel Arc Graphics,Windows 11 OS,1 Year Warranty,16,1024.0
Dell Vostro 3530 Laptop (13th Gen Core i3/ 8GB/ 512GB SSD/ Win11),39990,52.0,13th Gen Intel Core i3 1305U,"5 Cores (1P + 4E), 6 Threads",8 GB DDR4 RAM,512 GB SSD,"15.6 inches, 1920 x 1080 pixels",Intel Integrated Graphics,Windows 11 OS,1 Year Warranty,8,512.0
Lenovo ThinkPad E14 21JKS0UA00 Laptop (13th Gen Core i5/ 16GB/ 512GB SSD/ Win11 Home),73990,55.0,13th Gen Intel Core i5 1335U,"10 Cores (2P + 8E), 12 Threads",16 GB DDR4 RAM,512 GB SSD,"14 inches, 1920 x 1200 pixels",Intel UHD Graphics,Windows 11 OS,1 Year Warranty,16,512.0
Lenovo Thinkbook 15 21DJA0FGIH Laptop (12th Gen Core i5/ 16GB/ 512GB SSD/ Win11 Home),55990,60.0,12th Gen Intel Core i5 1235U,"10 Cores (2P + 8E), 12 Threads",16 GB DDR4 RAM,512 GB SSD,"15.6 inches, 1920 x 1080 pixels",Intel Iris Xe Graphics,Windows 11 OS,1 Year Warranty,16,512.0
Lenovo IdeaPad Slim 5 14IMH9 83DA0043IN Laptop (Intel Core Ultra 5/ 16 GB RAM/ 1TB SSD/ Win 11),79990,55.0,Intel Core Ultra 5 Series 1 125H,"14 Cores (4P + 8E + 2LP-E), 18 Threads",16 GB LPDDR5 RAM,1 TB SSD,"14 inches, 1920 x 1200 pixels",Intel Arc Graphics,Windows 11 OS,1 Year Warranty,16,1024.0
HP 14-ew0153TU Laptop (13th Gen Core i7/ 16GB/ 1TB SSD/ Win11 Home),97990,60.0,13th Gen Intel Core i7 1355U,"10 Cores (2P + 8E), 12 Threads",16 GB LPDDR5x RAM,1 TB SSD,"14 inches, 2880 x 1800 pixels",Intel Integrated Intel Iris Xe,Windows 11 OS,1 Year Warranty,16,1024.0
Acer Swift Go 14 SFG14-72T Laptop (Intel Core Ultra 5 125H/ 16GB/ 512GB SSD/ Win11 Home),79799,56.0,Intel Core Ultra 5 Series 1 125H,"14 Cores (4P + 8E + 2LP-E), 18 Threads",16 GB LPDDR5X RAM,512 GB SSD,"14 inches, 1920 x 1200 pixels",Intel Integrated ARC Graphics,Windows 11 OS,1 Year Warranty,16,512.0
HP Spectre x360 16-aa0664TX Laptop (Intel Core Ultra 7/ 32GB/ 1TB SSD/ Win11/ 6GB Graph),195990,61.75651041666666,Intel Core Ultra 7 Series 1 155H,"16 Cores (6P + 8E + 2LP-E), 22 Threads",32 GB LPDDR5x RAM,1 TB SSD,"16 inches, 2880 x 1800 pixels, Touch Screen",6 GB NVIDIA GeForce RTX 4050,Windows 11 OS,1 Year Warranty,32,1024.0
Chuwi Ubook X Laptop (10th Gen Core i3/ 12GB/ 512GB SSD/ Win11),39990,61.75651041666666,10th Gen Intel Core i5 10210Y,"Quad Core, 8 Threads",12 GB LPDDR3 RAM,512 GB SSD,"12 inches, 2160 x 1440 pixels",Intel UHD Graphics,Windows 11 OS,1 Year Warranty,12,512.0
HP Pavilion 15-eh1047AU Laptop (Ryzen 5 5500U/ 16GB/ 1TB SSD/ Win11 Home),55990,62.0,5th Gen AMD Ryzen 5 5500U,"Hexa Core, 12 Threads",16 GB DDR4 RAM,1 TB SSD,"15.6 inches, 1920 x 1080 pixels",AMD Radeon Graphics,Windows 11 OS,1 Year Warranty,16,1024.0
Acer Aspire Lite 15 AL15-52 Laptop (12th Gen Core i3/ 16GB/ 1TB SSD/ Win11),38249,57.0,12th Gen Intel Core i3 1215U,"Hexa Core (2P + 4E), 8 Threads",16 GB DDR4 RAM,1 TB SSD,"15.6 inches, 1920 x 1080 pixels",Intel UHD Graphics,Windows 11 OS,1 Year Warranty,16,1024.0
HP Omen 16-xd0010AX Gaming Laptop (AMD Ryzen 7 7840HS/ 16GB/ 1TB SSD/ Win11/ 6GB Graph),115999,75.0,7th Gen AMD Ryzen 7 7840HS,"Octa Core, 16 Threads",16 GB DDR5 RAM,1 TB SSD,"16.1 inches, 1920 x 1080 pixels",6 GB NVIDIA GeForce RTX 4050,Windows 11 OS,1 Year Warranty,16,1024.0
Infinix INBook Y4 Max Series YL613 Laptop (13th Gen Core i7/ 16GB/ 512GB SSD/ Win 11 Home),52990,54.0,13th Gen Intel Core i7 1355U,"10 Cores (2P + 8E), 12 Threads",16 GB LPDDR4X RAM,512 GB SSD,"16 inches, 1920 x 1200 pixels",Intel Integrated Iris Xe,Windows 11 OS,1 Year Warranty,16,512.0
Dell G15-5530 GN5530194YM001ORB1 Gaming Laptop (13th Gen Core i7/ 16GB/ 1TB SSD/ Win11/ RTX 3050 6GB Graph),101990,69.0,13th Gen Intel Core i7 13650HX,14 Cores (6P + 8E),16 GB DDR5 RAM,1 TB SSD,"15.6 inches, 1920 x 1080 pixels",6 GB NVIDIA GeForce RTX 3050,Windows 11 OS,1 Year Warranty,16,1024.0
Lenovo IdeaPad Slim 3 15IAH8 83ER008HIN Laptop (12th Gen Core i5/ 16GB/ 512GB SSD/ Win11 Home),54990,57.0,12th Gen Intel Core i5 12450H,"Octa Core (4P + 4E), 12 Threads",16 GB LPDDR5 RAM,512 GB SSD,"15.6 inches, 1920 x 1080 pixels",Intel Integrated UHD Graphics,Windows 11 OS,1 Year Warranty,16,512.0
Lenovo Yoga Slim 6 14IRH8 83E00014IN Laptop (13th Gen Core i7/ 16GB/ 1TB SSD/ Win11 Home),91990,57.0,13th Gen Intel Core i7 13700H,"14 Cores (6P + 8E), 20 Threads",16 GB LPDDR5 RAM,1 TB SSD,"14 inches, 1920 x 1200 pixels",Intel Integrated Iris Xe,Windows 11 OS,1 Year Warranty,16,1024.0
Lenovo Ideapad Slim 3 Chromebook 14IAN8 83BN001PHA Laptop (Intel Pentium N100/ 4GB/ 128GB eMMC/ Chrome OS),28190,61.75651041666666,Intel Pentium N100,"Quad Core, 4 Threads",4 GB LPDDR4X RAM,128 GB Hard Disk,"14 inches, 1366 x 768 pixels",Intel UHD Graphics,Chrome OS,1 Year Warranty,4,128.0
Lenovo Ideapad Slim 3 Chrome 14M868 82XJ002LHA Laptop (MediaTek Kompanio 520/ 4GB/ 128GB eMMC/ Chrome OS),15990,61.75651041666666,MediaTek Kompanio 520 Kompanio 520,Octa Core,4 GB LPDDR4X RAM,128 GB Hard Disk,"14 inches, 1366 x 768 pixels",Arm Mali G52 MC2 2EE Graphics,Chrome OS,1 Year Warranty,4,128.0
Lenovo Ideapad Slim 3 Chrome 14M868 82XJ002RHA Laptop (MediaTek Kompanio 520/ 8GB/ 128GB eMMC/ Chrome OS),17990,61.75651041666666,MediaTek Kompanio 520 Kompanio 520,Octa Core,8 GB LPDDR4X RAM,128 GB Hard Disk,"14 inches, 1366 x 768 pixels",Arm Mali G52 MC2 2EE Graphics,Chrome OS,1 Year Warranty,8,128.0
Lenovo LOQ 15IRX9 83DV007JIN Gaming Laptop (13th Gen Core i5/ 16GB/ 512GB SSD/ Win11/ 6GB Graph),84990,66.0,13th Gen Intel Core i5 13450HX,"10 Cores (6P + 4E), 16 Threads",16 GB DDR5 RAM,512 GB SSD,"15.6 inches, 1920 x 1080 pixels",6 GB NVIDIA GeForce RTX 3050,Windows 11 OS,1 Year Warranty,16,512.0
Lenovo IdeaPad Slim 3 83EM0026IN Laptop (13th Gen Core i5/ 16GB/ 512GB SSD/ Win11),59390,54.0,13th Gen Intel Core i5 13420H,"Octa Core (4P + 4E), 12 Threads",16 GB LPDDR5 RAM,512 GB SSD,"15.6 inches, 1920 x 1080 pixels",Integrated Intel UHD Graphics,Windows 11 OS,1 Year Warranty,16,512.0
Lenovo LOQ 15IRX9 83DV007HIN Gaming Laptop (13th Gen Core i7/ 16GB/ 512GB SSD/ Win11/ 6GB Graph),99990,65.0,13th Gen Intel Core i7 13650HX,14 Cores (6P + 8E),16 GB DDR5 RAM,512 GB SSD,"15.6 inches, 1920 x 1080 pixels",6 GB NVIDIA GeForce RTX 4050,Windows 11 OS,1 Year Warranty,16,512.0
HP Pavilion 15-eh3039AU Laptop ( AMD Ryzen 5 7530U/ 16GB/ 512GB SSD/ Win11 Home),58500,61.0,7th Gen AMD Ryzen 5 7530U,"Hexa Core, 12 Threads",16 GB DDR4 RAM,512 GB SSD,"15.6 inches, 1920 x 1080 pixels",AMD Radeon Graphics,Windows 11 OS,1 Year Warranty,16,512.0
Lenovo ThinkBook 14 21KG00AFIN Laptop (13th Gen Core i3/ 8GB/ 512GB SSD/ Win 11 Home),43990,59.0,13th Gen Intel Core i3 1315U,"Hexa Core (2P + 4E), 8 Threads",8 GB DDR5 RAM,512 GB SSD,"14 inches, 1920 x 1080 pixels",Intel UHD Graphics,Windows 11 OS,1 Year Warranty,8,512.0
Asus TUF Gaming F17 FX706HF-HX044WS Laptop (11th Gen Core i5/ 8GB/ 512GB SSD/ Win11/ 4GB Graph),51990,59.0,11th Gen Intel Core i5 11400H,"Hexa Core, 12 Threads",8 GB DDR4 RAM,512 GB SSD,"17 inches, 1920 x 1080 pixels",4 GB NVIDIA GeForce RTX 2050,Windows 11 OS,1 Year Warranty,8,512.0
HP 15s-fr5010TU Laptop (12th Gen Core i5/8GB/ 512GB SSD/ Win11 Home),52500,55.0,12th Gen Intel Core i5 1235U,"10 Cores (2P + 8E), 12 Threads",8 GB DDR4 RAM,512 GB SSD,"15.6 inches, 1920 x 1080 pixels",Intel UHD Graphics,Windows 11 OS,1 Year Warranty,8,512.0
Asus Chromebook CM14 CM1402CM2A-EK0085 Laptop (MediaTek Kompanio 520/ 8GB/ 128GB eMMC/ Chrome OS),26990,61.75651041666666,MediaTek Kompanio Kompanio 520,Octa Core,8 GB LPDDR4X RAM,128 GB Hard Disk,"14 inches, 1920 x 1080 pixels, Touch Screen",Arm Mali G52 MC2 2EE,Chrome OS,1 Year Warranty,8,128.0
Lenovo LOQ 15IAX9I 83FQ0009IN Gaming Laptop (12th Gen Core i5/ 8GB/ 512GB SSD/ Win11/ 4GB Graph),59990,57.0,12th Gen intel Core i5 12450HX,"Octa Core (4P + 4E), 12 Threads",8 GB DDR5 RAM,512 GB SSD,"15.6 inches, 1920 x 1080 pixels",4 GB Intel Integrated ARC A530M,Windows 11 OS,1 Year Warranty,8,512.0
Lenovo ThinkPad E1 21JNS03P00 Laptop (12th Gen Core i3/ 8GB/ 512GB SSD/ Win11 Home),49990,55.0,13th Gen Intel Core i3 1315U,"Hexa Core (2P + 4E), 8 Threads",8 GB DDR4 RAM,512 GB SSD,"16 inches, 1920 x 1200 pixels",Intel UHD Graphics,Windows 11 OS,1 Year Warranty,8,512.0
Lenovo ThinkBook 15 G5 21JFA016IN Laptop (AMD Ryzen 5 7530U/ 16GB/ 512 GB SSD/ Win11),52990,66.0,7th Gen AMD Ryzen 5 7530U,"Hexa Core, 12 Threads",16 GB DDR4 RAM,512 GB SSD,"15.6 inches, 1920 x 1080 pixels",AMD Radeon AMD,Windows 11 OS,1 Year Warranty,16,512.0
Lenovo ThinkBook 15 G5 21JF002PIN Laptop (AMD Ryzen 5 7530U/ 8GB/ 512 GB SSD/ Win11),39990,64.0,7th Gen AMD Ryzen 5 7530U,"Hexa Core, 12 Threads",8 GB DDR4 RAM,512 GB SSD,"15.6 inches, 1920 x 1080 pixels",AMD Radeon AMD,Windows 11 OS,1 Year Warranty,8,512.0
HP Spectre x360 16-aa0665TU Laptop (Intel Core Ultra 7/ 32GB/ 2TB SSD/ Win11 Home),174490,61.75651041666666,Intel Core Ultra 7 Series 1 155H,"16 Cores (6P + 8E + 2LP-E), 22 Threads",32 GB LPDDR5x RAM,2 TB SSD,"16 inches, 2880 x 1800 pixels, Touch Screen",Intel Arc Graphics,Windows 11 OS,1 Year Warranty,32,1024.0
Acer Aspire Lite AL15-52 15 Laptop (12th Gen Core i5/ 16GB/ 1TB SSD/ Win11),49199,60.0,12th Gen Intel Core i5 1235U,"10 Cores (2P + 8E), 12 Threads",16 GB DDR4 RAM,1 TB SSD,"15.6 inches, 1920 x 1080 pixels",Intel Iris Xe Graphics,Windows 11 OS,1 Year Warranty,16,1024.0
HP Spectre x360 14-eu0666TU Laptop (Intel Core Ultra 7/ 32GB/ 1TB SSD/ Win11 Home),159990,75.0,Intel Core Ultra 7 Series 1 155H,"16 Cores (6P + 8E + 2LP-E), 22 Threads",32 GB LPDDR5x RAM,1 TB SSD,"14 inches, 2880 x 1800 pixels, Touch Screen",Intel Arc Graphics,Windows 11 OS,1 Year Warranty,32,1024.0
HP Spectre x360 14-eu0556TU Laptop (Intel Core Ultra 7/ 32GB/ 1TB SSD/ Win11 Home),159990,75.0,Intel Core Ultra 7 Series 1 155H,"16 Cores (6P + 8E + 2LP-E), 22 Threads",32 GB LPDDR5x RAM,1 TB SSD,"14 inches, 2880 x 1800 pixels, Touch Screen",Intel Arc Graphics,Windows 11 OS,1 Year Warranty,32,1024.0
HP Omen 16-wf1026TX Gaming Laptop (14th Gen Core i7/ 16GB/ 1TB SSD/ Win11 Home/ 8GB Graph),176499,61.75651041666666,14th Gen Intel Core i7 14700HX,"20 Cores (8P + 12E), 28 Threads",16 GB DDR5 RAM,1 TB SSD,"16.1 inches, 1920 x 1080 pixels",8 GB NVIDIA GeForce RTX 4070,Windows 11 OS,1 Year Warranty,16,1024.0
Chuwi Gemibook X Pro Laptop (Intel Celeron N100/ 8 GB/ 256 GB SSD/ Win11 Home),20990,61.75651041666666,12th Gen Intel N100 N100,"Quad Core, 4 Threads",8 GB LPDDR5 RAM,256 GB SSD,"14.1 inches, 1920 x 1080 pixels",Intel Integrated UHD Graphics,Windows 11 OS,1 Year Warranty,8,256.0
Asus VivoBook 14 X1400EA-EK543WS Notebook (11th Gen Core i5/16GB/ 512GB SSD/ Win11 Home),43990,53.0,11th Gen Intel Core i5 1135G7,"Quad Core, 8 Threads",16 GB DDR4 RAM,512 GB SSD,"14 inches, 1920 x 1080 pixels",Intel Integrated Intel UHD,Windows 11 OS,1 Year Warranty,16,512.0
Acer Nitro V 15 ANV15-51 Gaming Laptop (13th Gen Core i5/ 16GB/ 512GB SSD/ Win11/ 6GB Graph),73223,60.0,13th Gen Intel Core i5 13420H,"Octa Core (4P + 4E), 12 Threads",16 GB DDR5 SDRAM RAM,512 GB SSD,"15.6 inches, 1920 x 1080 pixels",6 GB NVIDIA GeForce RTX 3050,Windows 11 OS,1 Year Warranty,16,512.0
Lenovo IdeaPad Slim 3 82X60013IN Laptop (13th Gen Core i3/ 8GB/ 512GB SSD/ Win11),43990,61.75651041666666,13th Gen Intel Core i3 1305U,"5 Cores (1P + 4E), 6 Threads",8 GB LPDDR5 RAM,512 GB SSD,"15.6 inches, 1920 x 1080 pixels",Integrated Intel UHD Graphics,Windows 11 OS,1 Year Warranty,8,512.0
Chuwi CoreBook X Laptop (10th Gen Core i5/ 16GB/ 512GB SSD/ Win11),34990,51.0,10th Gen Intel Core i5 1035G1,"Quad Core, 8 Threads",16 GB DDR4 RAM,512 GB SSD,"14 inches, 2160 x 1440 pixels",Intel UHD Graphics,Windows 11 OS,1 Year Warranty,16,512.0
Avita Liber Liber E AM14A2INL54F Laptop (AMD Ryzen 5 5500U/ 8GB/ 256GB SSD/ Win11 Home),32971,61.75651041666666,5th Gen AMD Ryzen 5 5500U,"Hexa Core, 12 Threads",8 GB DDR4 RAM,256 GB SSD,"14 inches, 1920 x 1080 pixels",AMD Radeon,Windows 11 OS,1 Year Warranty,8,256.0
Ultimus Lite NU14U3INC54BN Laptop (Celeron N4020/ 8GB/ 256GB SSD/ Win11 Home),15990,61.75651041666666,Intel Celeron N4020,"Dual Core, 2 Threads",8 GB DDR4 RAM,256 GB SSD,"14.1 inches, 1366 x 768 pixels",Intel Integrated UHD Graphics,Windows 11 OS,1 Year Warranty,8,256.0
Lenovo ThinkPad X1 Fold Gen 1 Laptop (Intel Core i5/ 8GB/ 1TB SSD/ Win10 Pro),145000,57.0,11th Gen Intel Core i5 L16G7,"5 Cores, 5 Threads",8 GB LPDDR4X RAM,1 TB SSD,"13.3 inches, 2048 x 1536 pixels, Touch Screen",Intel Integrated Graphics,Windows 10 OS,1 Year Warranty,8,1024.0
Lenovo IdeaPad Slim 3 15IRH8 83EM0025IN Laptop (13th Gen Core i5/ 16GB/ 512GB SSD/ Win11),59490,54.0,13th Gen Intel Core i5 13420H,"Octa Core (4P + 4E), 12 Threads",16 GB LPDDR5 RAM,512 GB SSD,"15.6 inches, 1920 x 1080 pixels",Integrated Intel UHD Graphics,Windows 11 OS,1 Year Warranty,16,512.0
Dell G15-5530 Gaming Laptop (13th Gen Core i5/ 16GB/ 1TB SSD/ Win11/ 6GB Graph),82490,68.0,13th Gen Intel Core i5 13450HX,"10 Cores (6P + 4E), 16 Threads",16 GB DDR5 RAM,1 TB SSD,"15.6 inches, 1920 x 1080 pixels",6 GB NVIDIA GeForce RTX 3050,Windows 11 OS,1 Year Warranty,16,1024.0
Dell ‎G16 7630 Gaming Laptop (13th Gen Core i9/ 16GB/ 1TB SSD/ Win11/ 8GB Graph),187490,77.0,13th Gen Intel Core i9 13900HX,"24 Cores (8P + 16E), 32 Threads",16 GB DDR5 RAM,1 TB SSD,"16 inches, 2560 x 1600 pixels",8 GB NVIDIA GeForce RTX 4070,Windows 11 OS,1 Year Warranty,16,1024.0
HP Envy x360 15-fh0014AU Laptop (AMD Ryzen 5 7530U/ 8GB/ 512GB SSD/ Win11 Home),80640,60.0,7th Gen AMD Ryzen 5 7530U,"Hexa Core, 12 Threads",8 GB LPDDR5 RAM,512 GB SSD,"15.6 inches, 1920 x 1080 pixels, Touch Screen",AMD Radeon AMD,Windows 11 OS,1 Year Warranty,8,512.0
Lenovo IdeaPad Slim 3 83ER008DIN Laptop (12th Gen Core i5/ 16GB/ 512GB SSD/ Win11),53490,55.0,12th Gen intel Core i5 12450H,"Octa Core (4P + 4E), 12 Threads",16 GB LPDDR5 RAM,512 GB SSD,"15.6 inches, 1920 x 1080 pixels",Integrated Intel IrisXe Graphics,Windows 11 OS,1 Year Warranty,16,512.0
Infinix INBook Y2 Plus XL29 Laptop (11th Gen Core i3/ 8GB/ 512GB SSD/ Win 11 Home),24990,61.75651041666666,11th Gen Intel Core i3 1115G4,"Dual Core, 4 Threads",8 GB LPDDR4X RAM,512 GB SSD,"15.6 inches, 1920 x 1080 pixels",Intel Integrated Iris Xe,Windows 11 OS,1 Year Warranty,8,512.0
HP Omen 16-wf0054TX Gaming Laptop (13th Gen Core i7/ 16GB/ 512GB SSD/ Win11 Home/ 8GB Graph),151490,73.0,13th Gen Intel Core i7 13700HX,"16 Cores (8P + 8E), 24 Threads",16 GB DDR5 RAM,512 GB SSD,"16.1 inches, 1920 x 1080 pixels",8 GB NVIDIA GeForce RTX 4060,Windows 11 OS,1 Year Warranty,16,512.0
MSI Prestige 13 AI Evo A1M Laptop (Intel Core Ultra 7/ 16GB/ 512GB SSD/ Win11 Home),113999,64.0,Intel Core Ultra 7 Series 1 155H,"16 Cores (6P + 8E + 2LP-E), 22 Threads",16 GB LPDDR5 RAM,512 GB SSD,"13.3 inches, 1920 x 1200 pixels",Intel Arc Graphics,Windows 11 OS,2 Year Warranty,16,512.0
Lenovo Ideapad Flex 5 14IAU7 82R700KHIN Laptop (12th Gen Core i3/ 8GB/ 512GB SSD/ Win11 Home),53990,53.0,12th Gen Intel Core i3 1215U,"Hexa Core (2P + 4E), 8 Threads",8 GB LPDDR4 RAM,512 GB SSD,"14 inches, 1920 x 1200 pixels, Touch Screen",Intel Integrated UHD,Windows 11 OS,1 Year Warranty,8,512.0
Asus Zenbook 14 OLED UX3405 Laptop (Intel Core Ultra 9 / 16GB/ 512GB SSD/ Win11 Home),149990,65.0,Intel Core Ultra 9 Series 1 185H,"16 Cores (6P + 8E + 2LP-E), 22 Threads",16 GB LPDDR5X RAM,512 GB SSD,"14 inches, 2880 x 1800 pixels",Intel Arc Graphics,Windows 11 OS,1 Year Warranty,16,512.0
Acer Predator Triton Neo 16 Laptop (Intel Core Ultra 9 / 32GB/ 2TB SSD/ Win11 Home/ 8GB Graph),199999,74.0,Intel Core Ultra 9 Series 1 185H,"16 Cores (6P + 8E + 2LP-E), 22 Threads",32 GB LPDDR5x RAM,2 TB SSD,"16 inches, 3200 x 2000 pixels",8 GB NVIDIA GeForce RTX 4070,Windows 11 OS,1 Year Warranty,32,1024.0
Lenovo V14 82KAA0AMIH Laptop (11th Gen Core i5/ 8GB/ 512GB SSD/ DOS),45990,53.0,11th Gen Intel Core i5 1135G7 ,"Quad Core, 8 Threads",8 GB DDR4 RAM,512 GB SSD,"14 inches, 1366 x 768 pixels",Intel UHD Graphics ,DOS OS,1 Year Warranty,8,512.0
Lenovo IdeaPad Slim 3 82H803HQIN Laptop (11th Gen Core i5/ 8GB/ 512GB SSD/ Win11),48900,60.0,11th Gen Intel Core i5 1155G7,"Quad Core, 8 Threads",8 GB DDR4 RAM,512 GB SSD,"15.6 inches, 1920 x 1080 pixels",Integrated Intel Iris Xe Graphics,Windows 11 OS,1 Year Warranty,8,512.0
Lenovo IdeaPad Slim 3 82H803LKIN Laptop (11th Gen Core i5/ 16GB/ 512GB SSD/ Win11),49999,62.0,11th Gen Intel Core i5 1155G7,"Quad Core, 8 Threads",16 GB DDR4 RAM,512 GB SSD,"15.6 inches, 1920 x 1080 pixels",Integrated Intel Iris Xe Graphics,Windows 11 OS,1 Year Warranty,16,512.0
Lenovo V14 82KAA01QIH Laptop (11th Gen Core i5/ 8GB/ 512GB SSD/ Win10 Home),45990,57.0,11th Gen Intel Core i5 1135G7,"Quad Core, 8 Threads",8 GB DDR4 RAM,512 GB SSD,"14 inches, 1920 x 1080 pixels",Intel Integrated Iris Xe,Windows 10 OS,1 Year Warranty,8,512.0
Lenovo IdeaPad 1 15ALC7 82R400ERIN Laptop (AMD Ryzen 5 5500U / 16GB/ 512GB SSD/ Win11 Home),40490,54.0,5th Gen AMD Ryzen 5  5500U,"Hexa Core, 12 Threads",16 GB DDR4 RAM,512 GB SSD,"15.6 inches, 1920 x 1080 pixels",AMD Radeon,Windows 11 OS,1 Year Warranty,16,512.0
Asus Chromebook CX3402CBA-PQ0173 Laptop (12th Gen Core i3/ 8GB/ 128GB EMMC/ Chrome OS),34990,61.75651041666666,12th Gen Intel Core i3 1215U,"Hexa Core (2P + 4E), 8 Threads",8 GB LPDDR5 RAM,128 GB Hard Disk,"14 inches, 1920 x 1080 pixels",Intel Integrated UHD,Chrome OS,1 Year Warranty,8,128.0
Acer Nitro V16 Gaming Laptop (AMD Ryzen 7 8845HS/ 16GB/ 1TB SSD/ Win11/ 8GB Graphics),149900,69.0,8th Gen Amd Ryzen 7 8845HS,"Octa Core, 16 Threads",16 GB DDR5 RAM,1 TB SSD,"16 inches, 1920 x 1200 pixels",8 GB NVIDIA GeForce RTX 4060,Windows 11 OS,1 Year Warranty,16,1024.0
MSI Thin GF63 11UC-1494IN Gaming Laptop (11th Gen Core i7/ 16GB/ 1TB 256GB SSD/ Win11 Home/ 4GB Graph),63500,65.0,11th Gen Intel Core i7 11800H,"Octa Core, 16 Threads",16 GB DDR4 RAM,1 TB Hard Disk,4 GB NVIDIA GeForce RTX 3050 ,256 GB SSD,"15.6 inches, 1920 x 1080 pixels",Windows 11 OS,16,1024.0
Huawei Qingyun L540 Laptop (Kirin 9006C/ 16GB/ 512GB SSD/ Kirin OS),81999,61.75651041666666,HiSilicon  Kirin 9006C 9006C,16 GB  RAM,512 GB SSD,"14 inches, 2160 x 1440 pixels",1 Year Warranty,Linux OS,Backlit Keyboard,No Warranty,512,14.0
Lenovo Yoga Slim 6 14IRH8 83E00012INLaptop (13th Gen Core i5/ 16GB/ 1TB SSD/ Win11 Home),81400,59.0,13th Gen Intel Core i5 13500H,"12 Cores (4P + 8E), 16 Threads",16 GB LPDDR5X RAM,1 TB SSD,"14 inches, 1920 x 1200 pixels",Intel Integrated Iris Xe,Windows 11 OS,1 Year Warranty,16,1024.0
Lenovo IdeaPad Slim 3i 82RK011EIN Laptop (12th Gen Core i7/ 16GB/ 512GB SSD/ Win11 Home),62490,61.0,12th Gen Intel Core i7 1255U,"10 Cores (2P + 8E), 12 Threads",16 GB DDR4 RAM,512 GB SSD,"15.6 inches, 1920 x 1080 pixels",Integrated Intel IrisXe Graphics,Windows 11 OS,1 Year Warranty,16,512.0
Huawei MateBook 14s 2023 Laptop (13th Gen Core i9/ 16GB RAM/ 1TB SSD/ Win11 Home),80999,68.0,13th Gen Intel Core i9 13900H,"14 Cores (6P + 8E), 20 Threads",16 GB  RAM,1 TB SSD,"14.2 inches, 2520 x 1680 pixels, Touch Screen",Intel Iris Xe Graphics,Windows 11 OS,1 Year Warranty,16,1024.0
"Dell Inspiron 3535 Laptop (AMD Ryzen R3-7320U,/ 8GB/ 512GB SSD/ Win11)",34450,50.0,7th Gen AMD Ryzen 3 7320U,"Quad Core, 8 Threads",8 GB LPDDR5 RAM,512 GB SSD,"15.6 inches, 1920 x 1080 pixels",AMD Radeon Graphics,Windows 11 OS,1 Year Warranty,8,512.0
Lenovo IdeaPad 1 14IGL7 82V6006EIN Laptop (Celeron N4020/ 8GB/ 256GB SSD/ Win11 Home),26490,61.75651041666666,4th Gen Intel Celeron N4020,"Dual Core, 2 Threads",8 GB DDR4 RAM,256 GB SSD,"14 inches, 1366 x 768 pixels",Intel Integrated UHD,Windows 11 OS,1 Year Warranty,8,256.0
Acer Aspire 5 A515-58P Gaming Laptop (13th Gen Core i3/ 8GB/ 512GB SSD/ Win11 Home),35999,61.75651041666666,13th Gen Intel Core i3 1305U,"5 Cores (1P + 4E), 6 Threads",8 GB LPDDR5 RAM,512 GB SSD,"15.6 inches, 1920 x 1080 pixels",Intel UHD Graphics,Windows 11 OS,1 Year Warranty,8,512.0
HP 15s-EQ2084AU Laptop (AMD Ryzen 7 5700U/ 16GB/ 512GB SSD/ Win11 Home),51980,57.0,5th Gen AMD Ryzen 7  5700U,"Octa Core, 16 Threads",16 GB DDR4 RAM,512 GB SSD,"15.6 inches, 1920 x 1080 pixels",AMD Radeon AMD,Windows 11 OS,1 Year Warranty,16,512.0
Lenovo IdeaPad Gaming 3 15IAH7 82S9017TIN Laptop (12th Gen Core i5/ 16GB/ 512GB SSD/ Win11 Home/ 4GB Graph),67990,61.0,12th Gen Intel Core i5 12450H,"Octa Core (4P + 4E), 12 Threads",16 GB DDR4 RAM,512 GB SSD,"15.6 inches, 1920 x 1080 pixels",4 GB NVIDIA GeForce RTX 3050,Windows 11 OS,1 Year Warranty,16,512.0
Lenovo Ideapad Slim 5 82XF0078IN Laptop (13th Gen Core i7/ 16 GB RAM/ 1 TB SSD/ Win 11),87190,60.0,13th Gen Intel Core i7 13700H,"14 Cores (6P + 8E), 20 Threads",16 GB LPDDR5 RAM,1 TB SSD,"16 inches, 2560 x 1600 pixels",Intel Iris Xe Graphics,Windows 11 OS,1 Year Warranty,16,1024.0
Dell Inspiron 7430 14 2 in 1 Laptop (13th Gen Core i3/ 8GB/ 512GB SSD/ Win11),56990,55.0,13th Gen Intel Core i3 1315U,"Hexa Core (2P + 4E), 8 Threads",8 GB LPDDR5 RAM,512 GB SSD,"14 inches, 1920 x 1200 pixels, Touch Screen",Intel UHD Graphics,Windows 11 OS,1 Year Warranty,8,512.0
Lenovo IdeaPad Slim 5 14IAH8 83BF0043IN Laptop (12th Gen Core i5/ 16GB/ 1TB SSD/ Win11),64990,56.0,12th Gen Intel Core i5 12450H,"Octa Core (4P + 4E), 12 Threads",16 GB LPDDR5 RAM,1 TB SSD,"14 inches, 1920 x 1200 pixels",Integrated Intel UHD Graphics,Windows 11 OS,1 Year Warranty,16,1024.0
Lenovo Ideapad Slim 5 82XD006GIN Laptop (13th Gen Core i5/ 16 GB RAM/ 1TB SSD/ Win 11),74190,53.0,13th Gen Intel Core i5 13420H,"Octa Core (4P + 4E), 12 Threads",16 GB LPDDR5 RAM,1 TB SSD,"14 inches, 1920 x 1200 pixels",Integrated Intel UHD Graphics,Windows 11 OS,1 Year Warranty,16,1024.0
Jio JioBook Cloud Laptop (Octa Core/ 4GB/ 64GB eMMC/ JioOS),14999,61.75651041666666,Octa Core,4 GB ‎LPDDR4 RAM,64 GB Hard Disk,"11.6 inches, 1366 x 768 pixels",,1 Year Warranty,Unknown OS,No Warranty,64,11.0
Dell Latitude 3520 DLCK3520BL Laptop (11th Gen Core i3/ 8GB/ 512GB SSD/ Ubuntu),35500,61.75651041666666,11th Gen Intel Core i3 1115G4,"Dual Core, 4 Threads",8 GB  RAM,512 GB SSD,"15.6 inches, 1920 x 1080 pixels",Intel UHD Graphics,Ubuntu OS,1 Year Warranty,8,512.0
Dell Inspiron 3520 IN3520RVTGV001ORB1 Laptop (11th Gen Core i3/ 8GB/ 512GB SSD/ Win11),34990,61.75651041666666,11th Gen Intel Core i3 1115G4,"Dual Core, 4 Threads",8 GB DDR4 RAM,512 GB SSD,"15.6 inches, 1920 x 1080 pixels",Intel UHD Graphics,Windows 11 OS,1 Year Warranty,8,512.0
Lenovo Thinkpad E14 G4 21E3S00P00 Laptop (12th Gen Core i5/ 8GB/ 512GB SSD/ DOS),67900,59.0,12th Gen Intel Core i5 1235U,"10 Cores (2P + 8E), 12 Threads",8 GB DDR4 RAM,512 GB SSD,"14 inches, 1920 x 1080 pixels",Intel Iris Xe Graphics,DOS OS,Backlit Keyboard,8,512.0
Lenovo IdeaPad Slim 3 82H803U0IN Laptop (11th Gen Core i3/ 8GB/ 256GB SSD/ Win11),31500,61.75651041666666,11th Gen Intel Core i3 1115G4,"Dual Core, 4 Threads",8 GB DDR4 RAM,256 GB SSD,"15.6 inches, 1920 x 1080 pixels",Intel UHD Graphics,Windows 11 OS,1 Year Warranty,8,256.0
MSI CreatorPro X17 HX A13VKS-249IN Laptop (13th Gen Core i9/ 64GB/ 4TB SSD/ Win11 Pro/ 12GB Graph),519990,61.75651041666666,13th Gen Intel Core i9 13980HX,"24 Cores (8P + 16E), 32 Threads",64 GB DDR5 RAM,4 TB SSD,"17 inches, 2560 x 1600 pixels",12 GB NVIDIA GeForce RTX 3500 Ada,Windows 11 OS,3 Year Warranty,64,1024.0
Acer Aspire 3 15 A315-510P UN.KDHSI.019 Laptop (Intel Core i3 N305/ 8GB/ 512GB SSD/ Win11 Home),31990,61.75651041666666,Intel Core i3 N305,"Octa Core, 8 Threads",8 GB LPDDR5 RAM,512 GB SSD,"15.6 inches, 1920 x 1080 pixels",Intel UHD Graphics,Windows 11 OS,1 Year Warranty,8,512.0
Acer Aspire Lite 15 AL15-51 2023  Laptop (11th Gen Core i5/ 16GB/ 1TB SSD/ Win11),50000,61.0,11th Gen Intel Core i5 1155G7,"Quad Core, 8 Threads",16 GB DDR4 RAM,1 TB SSD,"15.6 inches, 1920 x 1080 pixels",Intel Iris Xe Graphics,Windows 11 OS,1 Year Warranty,16,1024.0
Lenovo Thinkpad P16s 21BTS0DG00 Laptop (12th Gen Core i7/ 16GB/ 1TB SSD/ Win11 Pro),135999,69.0,12th Gen Intel Core i7 1260P,"12 Cores (4P + 8E), 16 Threads",16 GB DDR4 RAM,1 TB SSD,"16 inches, 1920 x 1200 pixels",Intel UHD Graphics,Windows 11 OS,3 Year Warranty,16,1024.0
Lenovo ThinkPad X1 Carbon 21HMS00000 Laptop (13th Gen Core i7/ 16GB/ 1TB SSD/ Win11 Pro),218990,64.0,13th Gen Intel Core i7 1355U,"10 Cores (2P + 8E), 12 Threads",16 GB LPDDR5 RAM,1 TB SSD,"14 inches, 1920 x 1200 pixels",Intel Iris Xe Graphics,Windows 11 OS,1 Year Warranty,16,1024.0
Avita Liber AM15A2INT56F Laptop (12th Gen Core i3/ 8GB/ 512GB SSD/ Win11 Home),30834,61.75651041666666,12th Gen Intel Core i3 1215U,"Hexa Core (2P + 4E), 8 Threads",8 GB  RAM,512 GB SSD,"15.6 inches, 1920 x 1080 pixels",Intel Integrated Graphics,Windows 11 OS,1 Year Warranty,8,512.0
Acer Aspire Lite AL15-52 Laptop (12th Gen Core i5/ 16GB/ 512GB SSD/ Win11),45200,59.0,12th Gen Intel Core i5 1235U,"10 Cores (2P + 8E), 12 Threads",16 GB DDR4 RAM,512 GB SSD,"15.6 inches, 1920 x 1080 pixels",Intel Iris Xe Graphics,Windows 11 OS,1 Year Warranty,16,512.0
Acer Aspire Lite AL15-52 2023 Laptop (12th Gen Core i5/ 8GB/ 512GB SSD/ Win11),42490,56.0,12th Gen Intel Core i5 1235U,"10 Cores (2P + 8E), 12 Threads",8 GB DDR4 RAM,512 GB SSD,"15.6 inches, 1920 x 1080 pixels",Intel Iris Xe Graphics,Windows 11 OS,1 Year Warranty,8,512.0
Avita Pura S101 Laptop (Celeron N4020/ 8GB/256GB SSD/ Win11 Home),19299,61.75651041666666,Intel Celeron  N4020,"Dual Core, 2 Threads",8 GB DDR4 RAM,256 GB SSD,"14 inches, 1920 x 1080 pixels",Intel Integrated UHD Graphics,Windows 11 OS,1 Year Warranty,8,256.0
Apple MacBook Pro 16 2023 Laptop (Apple M3 Pro/ 36GB/ 512GB SSD/ macOS),289900,62.0,Apple M3 Pro,12 Cores (6P + 6E),36 GB  RAM,512 GB SSD,"16.2 inches, 3456 x 2234 pixels",18 Core GPU,Mac OS,1 Year Warranty,36,512.0
Apple MacBook Pro 14 2023 Laptop (Apple M3/ 8GB/ 1TB SSD/ macOS),176490,52.0,Apple M3,Octa Core (4P + 4E),8 GB  RAM,1 TB SSD,"14.2 inches, 3024 x 1964 pixels",10 Core GPU,Mac OS,1 Year Warranty,8,1024.0
Apple MacBook Pro 14 2023 Laptop (Apple M3 Pro/ 18GB/ 1TB SSD/ macOS),224990,56.0,Apple M3 Pro,12 Cores (6P + 6E),18 GB  RAM,1 TB SSD,"14.2 inches, 3024 x 1964 pixels",18 Core GPU,Mac OS,1 Year Warranty,18,1024.0
Apple MacBook Pro 16 2023 Laptop (Apple M3 Pro/ 18GB/ 512GB SSD/ macOS),230590,56.0,Apple M3 Pro,12 Cores (6P + 6E),18 GB  RAM,512 GB SSD,"16.2 inches, 3456 x 2234 pixels",18 Core GPU,Mac OS,1 Year Warranty,18,512.0
Apple MacBook Pro 14 2023 Laptop (Apple M3 Max/ 36GB/ 1TB SSD/ macOS),289690,63.0,Apple M3 Max,14 Cores (10P + 4E),36 GB  RAM,1 TB SSD,"14.2 inches, 3024 x 1964 pixels",30 Core GPU,Mac OS,1 Year Warranty,36,1024.0
Acer Aspire 5 A515-57 NX.K3JSI.006 Laptop (12th Gen Core i5/ 8GB/ 512GB SSD/ Win11 Home),46990,60.0,12th Gen Intel Core i5 1235U,"10 Cores (2P + 8E), 12 Threads",8 GB DDR4 RAM,512 GB SSD,"15.6 inches, 1920 x 1080 pixels",Intel Iris Xe Graphic,Windows 11 OS,1 Year Warranty,8,512.0
HP 15s-fq2510tu Laptop (11th Gen Core i5/ 16GB/ 512GB SSD/ Win11 Home),50790,60.0,11th Gen Intel Core i5 1135G7 ,"Quad Core, 8 Threads",16 GB DDR4 RAM,512 GB SSD,"15.6 inches, 1920 x 1080 pixels",Intel Iris Xe Graphics,Windows 11 OS,1 Year Warranty,16,512.0
Lenovo Yoga Slim 7i Carbon 13IRP8 83AY003CIN Laptop (13th Gen Core i7/ 16GB/ 1TB SSD/ Win11 Home),123190,64.0,13th Gen Intel Core i7 1360P,"12 Cores (4P + 8E), 16 Threads",16 GB LPDDR5 RAM,1 TB SSD,"13.3 inches, 2560 x 1600 pixels, Touch Screen",Intel Integrated Iris Xe,Windows 11 OS,1 Year Warranty,16,1024.0
Lenovo Ideapad Gaming 3 15ARH7 82SB00QJIN Laptop  (AMD Ryzen 5 7535HS / 16GB/ 512GB SSD/ Win11 Home/ 4GB Graph),58900,64.0,7th Gen AMD Ryzen 5 7535HS,"Hexa Core, 12 Threads",8 GB DDR5 RAM,512 GB SSD,"15.6 inches, 1920 x 1080 pixels",4 GB NVIDIA GeForce RTX 2050,Windows 11 OS,1 Year Warranty,8,512.0
Dell Inspiron 3520 IN3520P9K46002ORS1 Laptop (12th Gen Core i3/ 8GB/ 512GB SSD/ Win11),36990,55.0,12th Gen Intel Core i3 1215U,"Hexa Core (2P + 4E), 8 Threads",8 GB DDR4 RAM,512 GB SSD,"15.6 inches, 1920 x 1080 pixels",Intel Integrated UHD,Windows 11 OS,1 Year Warranty,8,512.0
Lenovo IdeaPad Gaming 3 Gen 6 82K2028QIN Laptop (AMD Ryzen 5 5500H/ 8GB/ 512GB SSD/ Win11 Home/ 4GB Graph),50390,62.0,5th Gen AMD Ryzen 5 5500H,"Quad Core, 8 Threads",8 GB DDR4 RAM,512 GB SSD,"15.6 inches, 1920 x 1080 pixels",4 GB NVIDIA GeForce RTX 2050,Windows 11 OS,1 Year Warranty,8,512.0
Avita Pura S102 Laptop (Celeron N4020/ 8GB/ 512GB SSD/ Win11 Home),20035,61.75651041666666,Intel Celeron  N4020,"Dual Core, 2 Threads",8 GB DDR4 RAM,512 GB SSD,"15.6 inches, 1920 x 1080 pixels",Intel Integrated UHD Graphics,Windows 11 OS,1 Year Warranty,8,512.0
HP Spectre x360 14-ef2036TU Laptop (13th Gen Core i7/ 16GB/ 512GB SSD/ Win11 Home),154999,66.0,13th Gen Intel Core i7 1355U,"10 Cores (2P + 8E), 12 Threads",16 GB LPDDR4X RAM,512 GB SSD,"13.5 inches, 3000 x 2000 pixels, Touch Screen",Intel Iris Xe Graphics,Windows 11 OS,1 Year Warranty,16,512.0
HP Omen 16-xd0005AX Gaming Laptop (AMD Ryzen 7 7840HS/ 16GB/ 1TB SSD/ Win11/ 6GB Graph),106590,75.0,7th Gen AMD Ryzen 7 7840HS,"Octa Core, 16 Threads",16 GB DDR5 RAM,1 TB SSD,"16.1 inches, 1920 x 1080 pixels",6 GB NVIDIA GeForce RTX 4050,Windows 11 OS,1 Year Warranty,16,1024.0
HP ProBook 440 G9 821M3PA Laptop (12th Gen Core i5/ 8GB/ 512GB SSD/ Win11),79000,65.0,12th Gen Intel Core i5 1235U,"10 Cores (2P + 8E), 12 Threads",16 GB DDR4 RAM,512 GB SSD,"14 inches, 1366 x 768 pixels",Intel Iris Xe Graphics,Windows 11 OS,1 Year Warranty,16,512.0
Dell Latitude 3540 Laptop (13th Gen Core i5/ 8GB/ 256GB SSD/ Win11 Pro),97300,52.0,13th Gen Intel Core i5 1335U,"10 Cores (2P + 8E), 12 Threads",8 GB DDR4 RAM,256 GB SSD,"15.6 inches, 1366 x 720 pixels",Intel Graphics,Windows 11 OS,1 Year Warranty,8,256.0
Acer Aspire Lite AL15-51 15 2023 Laptop (11th Gen Core i5/ 8GB/ 1TB SSD/ Win11),44990,57.0,11th Gen Intel Core i5 1155G7,"Quad Core, 8 Threads",8 GB DDR4 RAM,1 TB SSD,"15.6 inches, 1920 x 1080 pixels",Intel Iris Xe Graphics,Windows 11 OS,1 Year Warranty,8,1024.0
HP 15s-FR5012TU Laptop (12th Gen Core i3/ 8GB/ 512GB SSD/ Win11 Home),38990,53.0,12th Gen Intel Core i3 1215U,"Hexa Core (2P + 4E), 8 Threads",8 GB DDR4 RAM,512 GB SSD,"15.6 inches, 1920 x 1080 pixels",Intel UHD Graphics,Windows 11 OS,1 Year Warranty,8,512.0
Lenovo S14 Gen 3 82TW000VIH Laptop (12th Gen Core i5/ 8GB/ 512GB SSD/ DOS),48989,52.0,12th Gen Intel Core i5 1235U,"10 Cores (2P + 8E), 12 Threads",8 GB DDR4  RAM,512 GB SSD,"14 inches, 1920 x 1080 pixels",Intel UHD Graphics,DOS OS,3 Year Warranty,8,512.0
HP Victus 15-fa1134TX Laptop (12th Gen Core i7/ 16GB/ 512GB SSD/ Win11 Home/ 6GB Graph),94490,73.0,12th Gen Intel Core i7 12650H,"10 Cores (6P + 4E), 16 Threads",16 GB DDR4 RAM,512 GB SSD,"15.6 inches, 1920 x 1080 pixels",6 GB NVIDIA GeForce RTX 4050,Windows 11 OS,1 Year Warranty,16,512.0
Infinix INBook Y1 Plus 15 XL28 Laptop (10th Gen Core i5/ 8GB/ 512GB SSD/ Win 11 Home),25990,50.0,10th Gen Intel Core i5 1035G1,"Quad Core, 8 Threads",8 GB LPDDR4X RAM,512 GB SSD,"15.6 inches, 1920 x 1080 pixels",Intel Integrated UHD,Windows 11 OS,1 Year Warranty,8,512.0
Microsoft Surface Laptop Go 3 XK1-00045 (12th Gen Core i5/ 8GB RAM/ 256 GB SSD/ Win 11),78990,53.0,12th Gen Intel Core i5 1235U,"10 Cores (2P + 8E), 12 Threads",8 GB LPDDR5 RAM,256 GB SSD,"12.4 inches, 1536 x 1024 pixels, Touch Screen",Intel Iris Xe Graphics ,Windows 11 OS,1 Year Warranty,8,256.0
Acer Aspire 5 A514-56M NX.KH6SI.001 Gaming Laptop (13th Gen Core i5/ 16GB/ 512GB SSD/ Win11 Home),59900,51.0,13th Gen Intel Core i5 1335U,"10 Cores (2P + 8E), 12 Threads",16 GB LPDDR5 RAM,512 GB SSD,"14 inches, 1920 x 1200 pixels",Intel Integrated Iris Xe,Windows 11 OS,1 Year Warranty,16,512.0
HP Victus 15-FA1098TX Laptop (12th Gen Core i5/ 8GB/ 512GB SSD/ Win11 Home/ 4GB Graph),58999,60.0,12th Gen Intel Core i5 12450H,"Octa Core (4P + 4E), 12 Threads",8 GB DDR4 RAM,512 GB SSD,"15.6 inches, 1920 x 1080 pixels",4 GB NVIDIA GeForce RTX 2050,Windows 11 OS,1 Year Warranty,8,512.0
Acer Aspire Lite AL15-41 Laptop (AMD Ryzen 5 5500U/ 16GB/ 1TB SSD/ Win11),38790,57.0,5th Gen AMD Ryzen 5 5500U,"Hexa Core, 12 Threads",16 GB DDR4 RAM,1 TB SSD,"15.6 inches, 1920 x 1080 pixels",AMD Graphics,Windows 11 OS,1 Year Warranty,16,1024.0
Dell Inspiron 7430 IC7430MH5K0M01ORS1 Laptop (13th Gen Core i5/ 8GB/ 512GB SSD/ Win11),88990,61.0,13th Gen Intel Core i5 1335U,"10 Cores (2P + 8E), 12 Threads",8 GB LPDDR5 RAM,512 GB SSD,"14 inches, 1920 x 1200 pixels, Touch Screen",Intel Integrated,Windows 11 OS,1 Year Warranty,8,512.0
Gigabyte G5 MF-E2IN313SHLaptop (12th Gen Core i5/ 8GB/ 512GB SSD/ Win11 Home/ 6GB Graph),72990,70.0,12th Gen Intel Core i5 12500H,"12 Cores (4P + 8E), 16 Threads",8 GB DDR4 RAM,512 GB SSD,"15.6 inches, 1920 x 1080 pixels",6 GB NVIDIA GeForce RTX 4050,Windows 11 OS,2 Year Warranty,8,512.0
HP Victus 15-fb1002AX Gaming Laptop (AMD Ryzen 5 7535HS/ 8GB/ 512GB SSD/ Win11/ 4GB Graph),52850,65.0,7th Gen AMD Ryzen 5 7535HS,"Hexa Core, 12 Threads",8 GB DDR5 RAM,512 GB SSD,"15.6 inches, 1920 x 1080 pixels",4 GB NVIDIA GeForce RTX 2050,Windows 11 OS,1 Year Warranty,8,512.0
HP Pavilion Plus ‎16-ab0456TX Laptop (13th Gen Core i7/ 16GB/ 1TB SSD/ Win 11/ 6GB Graphics),124999,72.0,13th Gen Intel Core i7 13700H,"14 Cores (6P + 8E), 20 Threads",16 GB DDR4 RAM,1 TB SSD,"16 inches, 2560 x 1600 pixels",6 GB NVIDIA GeForce RTX 3050,Windows 11 OS,1 Year Warranty,16,1024.0
HP 15s-er2004AU Laptop (AMD Ryzen 7 5700U/ 16GB/ 512GB SSD/ Win11),50490,54.0,5th Gen AMD Ryzen 7  5700U,"Octa Core, 16 Threads",16 GB DDR4 RAM,512 GB SSD,"15.6 inches, 1920 x 1080 pixels",AMD Radeon,Windows 11 OS,1 Year Warranty,16,512.0
Lenovo IdeaPad Gaming 3 82K101LJIN Laptop (11th Gen Core i5/ 16GB/ 512GB SSD/ Win11 Home/ 4GB Graph),52400,65.0,11th Gen Intel Core i5 11320H,"Quad Core, 8 Threads",16 GB DDR4 RAM,512 GB SSD,"15.6 inches, 1920 x 1080 pixels",4 GB NVIDIA GeForce GTX 1650,Windows 11 OS,1 Year Warranty,16,512.0
Dell Inspiron 3530 IN3530RMD8W001ORS1 Laptop (13th Gen Core i5/ 16GB/ 1TB SSD/ Win11 Home),66990,50.0,13th Gen Intel Core i5 1335U,"10 Cores (2P + 8E), 12 Threads",16 GB DDR4 RAM,1 TB SSD,"15.6 inches, 1920 x 1080 pixels",Intel UHD Graphics,Windows 11 OS,1 Year Warranty,16,1024.0
HP Omen 16-XD0007ax Gaming Laptop (AMD Ryzen 7 7840HS/ 16GB/ 1TB SSD/ Win11/ 6GB Graph),103990,72.0,7th Gen AMD Ryzen 7 7840HS,"Octa Core, 16 Threads",16 GB DDR5 RAM,1 TB SSD,"16.1 inches, 1920 x 1080 pixels",6 GB NVIDIA GeForce RTX 4050,Windows 11 OS,1 Year Warranty,16,1024.0
Asus Vivobook Pro 15 OLED M6500QC-LK751WS Laptop (Ryzen 7 5800HS/ 16GB/ 1TB SSD/ Win11/ 4GB Graph),76990,63.0,5th Gen AMD Ryzen 7 5800HS,"Octa Core, 16 Threads",16 GB DDR4 RAM,1 TB SSD,"15.6 inches, 1920 x 1080 pixels",4 GB NVIDIA GeForce RTX 3050,Windows 11 OS,1 Year Warranty,16,1024.0
MSI Vector GP68 HX 13VG-214IN Gaming Laptop (13th Gen Core i7/ 16GB/ 1TB SSD/ Win11/ 8GB Graph),184990,77.0,13th Gen Intel Core i7 13700HX,"16 Cores (8P + 8E), 24 Threads",16 GB DDR5 RAM,1 TB SSD,"16 inches, 2560 x 1600 pixels",8 GB NVIDIA GeForce RTX 4070,Windows 11 OS,1 Year Warranty,16,1024.0
Asus Vivobook Go 14 E1404FA-NK547WS Laptop (Ryzen 5 7520U/ 16GB/ 512GB SSD/ Win11),43990,56.0,7th Gen AMD Ryzen 5 7520U,"Quad Core, 8 Threads",16 GB LPDDR5 RAM,512 GB SSD,"14 inches, 1920 x 1080 pixels",AMD Radeon AMD,Windows 11 OS,1 Year Warranty,16,512.0
Lenovo Yoga 7 82YL008HIN Laptop (13th Gen Core i5/ 16GB/ 512GB SSD/ Win11 Home),91190,68.0,13th Gen Intel Core i5 1340P,"12 Cores (4P + 8E), 16 Threads",16 GB LPDDR5 RAM,512 GB SSD,"14 inches, 1920 x 1200 pixels, Touch Screen",Integrated Intel Iris Xe Graphics,Windows 11 OS,1 Year Warranty,16,512.0
Acer Aspire 3 A315-24P NX.KDESI.00B Laptop (AMD Ryzen 5 7520U/ 8GB/ 512GB SSD/ Win11 Home),32790,51.0,7th Gen AMD Ryzen 5 7520U,"Quad Core, 8 Threads",8 GB LPDDR5 RAM,512 GB SSD,"15.6 inches, 1920 x 1080 pixels",AMD Radeon AMD,Windows 11 OS,1 Year Warranty,8,512.0
Asus Vivobook 15X OLED M3504YA-LK552WS Laptop (AMD Ryzen 5 7530U/ 16GB/ 1TB SSD/ Win11 Home),55990,61.0,7th Gen AMD Ryzen 5 7530U,"Hexa Core, 12 Threads",16 GB DDR4 RAM,1 TB SSD,"15.6 inches, 1920 x 1080 pixels",Intel Iris Xe Graphics,Windows 11 OS,1 Year Warranty,16,1024.0
Lenovo Legion Slim 5 82Y9009JIN Gaming Laptop (AMD Ryzen 7 7840HS/ 16GB/ 1TB SSD/ Win11/ 8GB Graph),132190,79.0,7th Gen AMD Ryzen 7 7840HS,"Octa Core, 16 Threads",16 GB DDR5 RAM,1 TB SSD,"16 inches, 2560 x 1600 pixels",8 GB NVIDIA GeForce RTX 4060,Windows 11 OS,1 Year Warranty,16,1024.0
Asus Vivobook 16 2023 X1605ZAB-MB342WS Laptop (12th Gen Core i3/ 16GB/ 512GB SSD/ Win11 Home),40990,57.0,12th Gen Intel Core i3 1215U,"Hexa Core (2P + 4E), 8 Threads",16 GB DDR4 RAM,512 GB SSD,"16 inches, 1920 x 1200 pixels",Intel Integrated UHD,Windows 11 OS,1 Year Warranty,16,512.0
MSI Thin GF63 11SC-1629IN Gaming Laptop (11th Gen Core i5/ 16GB/ 512GB SSD/ Win11 Home/ 4GB Graph),44990,61.0,11th Gen Intel Core i5 11260H,"Hexa Core, 12 Threads",16 GB DDR4 RAM,512 GB SSD,"15.6 inches, 1920 x 1080 pixels",4 GB NVIDIA GeForce GTX 1650 Max Q,Windows 11 OS,2 Year Warranty,16,512.0
Asus Vivobook 15X OLED M3504YA-LK741WS Laptop (AMD Ryzen 7 7730U/ 16GB/ 512GB SSD/ Win11 Home),62950,62.0,7th Gen AMD Ryzen 7  7730U,"Octa Core, 16 Threads",16 GB DDR4 RAM,512 GB SSD,"15.6 inches, 1920 x 1080 pixels",Integrated AMD Radeon Graphics,Windows 11 OS,1 Year Warranty,16,512.0
Lenovo IdeaPad 3 15IAU7 82RK00WXIN Laptop (12th Gen Core i3/ 8GB/ 256GB SSD/ Win11 Home),32990,53.0,12th Gen Intel Core i3 1215U,"Hexa Core (2P + 4E), 8 Threads",8 GB DDR4 RAM,256 GB SSD,"15.6 inches, 1920 x 1080 pixels",Intel UHD Graphics ,Windows 11 OS,1 Year Warranty,8,256.0
Lenovo IdeaPad 1 15AMN7 82VG00ERIN Laptop (AMD Ryzen 3 7320U / 8GB/ 512GB SSD/ Win11 Home),32290,51.0,7th Gen AMD Ryzen 3 7320U,"Quad Core, 8 Threads",8 GB LPDDR5 RAM,512 GB SSD,"15.6 inches, 1920 x 1080 pixels",AMD Radeon 610M,Windows 11 OS,1 Year Warranty,8,512.0
Asus BR1100CKA-GJ0746W Laptop (Celeron N4500/ 8GB/ 128GB SSD/ Win11 Home),16490,61.75651041666666,Intel Celeron  N4500,Dual Core,8 GB DDR4 RAM,128 GB SSD,"11.6 inches, 1366 x 768 pixels",Intel UHD Graphics,Windows 11 OS,1 Year Warranty,8,128.0
Asus Vivobook 16X K3605ZU-MB542WS Laptop (12th Gen Core i5/ 16GB/ 512GB SSD/ Win11 Home/ 6GB Graph),75000,66.0,12th Gen Intel Core i5 12450H ,"Octa Core (4P + 4E), 12 Threads",16 GB DDR4 RAM,512 GB SSD,"16 inches, 1920 x 1200 pixels",6 GB NVIDIA Geforce RTX 4050,Windows 11 OS,1 Year Warranty,16,512.0
Asus Vivobook 16X K3605VU-MB541WS Laptop (13th Gen Core i5/ 16GB/ 512GB SSD/ Win11 Home/ 6GB Graph),89990,64.0,13th Gen Intel Core i5 13500H,"12 Cores (4P + 8E), 16 Threads",16 GB DDR4 RAM,512 GB SSD,"16 inches, 1920 x 1200 pixels",6 GB NVIDIA Geforce RTX 4050,Windows 11 OS,1 Year Warranty,16,512.0
Lenovo IdeaPad Gaming 3 15IHU6 82K101R9IN Laptop (11th Gen Core i5/ 8GB/ 512GB SSD/ Win11 Home/ 4GB Graph),62999,63.0,11th Gen Intel Core i5 11320H,"Quad Core, 8 Threads",8 GB DDR4 RAM,512 GB SSD,"15.6 inches, 1920 x 1080 pixels",4 GB NVIDIA GeForce RTX 2050 ,Windows 11 OS,1 Year Warranty,8,512.0
Asus Vivobook Go 14 E1404FA-NK543WS Laptop (Ryzen 5 7520U/ 16GB/ 512GB SSD/ Win11),45890,53.0,7th Gen AMD Ryzen 5 7520U,"Quad Core, 8 Threads",16 GB LPDDR5 RAM,512 GB SSD,"14 inches, 1920 x 1080 pixels",AMD Radeon AMD,Windows 11 OS,1 Year Warranty,16,512.0
HP 250 G9 7M657PA Laptop (12th Gen Core i3/ 8GB/ 512GB SSD/ Win11),33900,56.0,12th Gen Intel Core i3 1215U,"Hexa Core (2P + 4E), 8 Threads",8 GB DDR4 RAM,512 GB SSD,"15.6 inches, 1366 x 768 pixels",Intel Integrated,Windows 11 OS,1 Year Warranty,8,512.0
Lenovo IdeaPad Gaming 3 82SB00V5IN Laptop (AMD Ryzen 7 6800H/ 8GB/ 512GB SSD/ Win11 Home/ 4GB Graph),66990,64.0,6th Gen AMD Ryzen 7 6800H,"Octa Core, 16 Threads",8 GB DDR4 RAM,512 GB SSD,"15.6 inches, 1920 x 1080 pixels",4 GB NVIDIA GeForce RTX 3050,Windows 11 OS,1 Year Warranty,8,512.0
Acer Aspire Lite 15 2023 AL15-51 Laptop (11th Gen Core i7/ 16GB/ 1TB SSD/ Win11),53499,60.0,11th Gen Intel Core i7 1165G7,"Quad Core, 8 Threads",16 GB DDR4 RAM,1 TB SSD,"15.6 inches, 1920 x 1080 pixels",Intel Iris Xe Graphics,Windows 11 OS,1 Year Warranty,16,1024.0
Lenovo Yoga 7 82YL0095IN Laptop (13th Gen Core i5/ 16GB/ 1TB SSD/ Win11 Home),91190,70.0,13th Gen Intel Core i5 1340P,"12 Cores (4P + 8E), 16 Threads",16 GB LPDDR5 RAM,1 TB SSD,"14 inches, 2880 x 1800 pixels, Touch Screen",Integrated Intel Iris Xe Graphics,Windows 11 OS,1 Year Warranty,16,1024.0
Asus Vivobook Pro 15 OLED M6500QC-LK741WS Laptop (Ryzen 7 5800HS/ 16GB/ 512GB SSD/ Win11/ 4GB Graph),73990,60.0,5th Gen AMD Ryzen 7 5800HS,"Octa Core, 16 Threads",16 GB DDR4 RAM,512 GB SSD,"15.6 inches, 1920 x 1080 pixels",4 GB NVIDIA GeForce RTX 3050,Windows 11 OS,1 Year Warranty,16,512.0
Acer Chromebook CB314-3H NX.K04SI.008 Laptop (Intel Celeron N4500/ 8GB/ 64GB SSD/ Chrome OS),22490,61.75651041666666,Intel Celeron N4500,"Dual Core, 2 Threads",8 GB LPDDR4X RAM,64 GB SSD,"14 inches, 1080 x 1920 pixels",Intel Integrated UHD,Chrome OS,1 Year Warranty,8,64.0
Asus Vivobook Go 14 E410KA-EK013W Laptop (Celeron N4500/ 8GB/ 256GB SSD/ Win11 Home),23990,61.75651041666666,Intel   N4500,"Dual Core, 2 Threads",8 GB DDR4 RAM,256 GB SSD,"14 inches, 1920 x 1080 pixels",Intel Integrated UHD,Windows OS,1 Year Warranty,8,256.0
Dell Inspiron 7430 2 in 1 2023 Laptop (13th Gen Core i3/ 8GB/ 256GB SSD/ Win11),54490,53.0,13th Gen Intel Core i3 1315U,"Hexa Core (2P + 4E), 8 Threads",8 GB LPDDR5 RAM,256 GB SSD,"14 inches, 1920 x 1200 pixels, Touch Screen",Intel UHD Graphics,Windows 11 OS,1 Year Warranty,8,256.0
Lenovo IdeaPad Gaming 3 15ACH6 82K20289IN Laptop (AMD Ryzen 5 5500H/ 8GB/ 512GB SSD/ Win11 Home/ 4GB Graph),48490,59.0,5th Gen AMD Ryzen 5 5500H,"Quad Core, 8 Threads",8 GB DDR4 RAM,512 GB SSD,"15.6 inches, 1920 x 1080 pixels",4 GB NVIDIA GeForce RTX 2050,Windows 11 OS,1 Year Warranty,8,512.0
Ultimus Pro NU14U3INC43BN-CS Laptop (Celeron N4020/ 4GB/ 128GB SSD/ Win11 Home),13990,61.75651041666666,Intel Celeron  N4020,"Dual Core, 2 Threads",4 GB DDR4 RAM,128 GB SSD,"14.1 inches, 1366 x 768 pixels",Intel Integrated UHD Graphics,Windows 11 OS,1 Year Warranty,4,128.0
Dell Inspiron 3520 IN3520KTMFJS01ORS1 Laptop (11th Gen Core i3/ 8GB/ 512GB SSD/ Win11),36490,54.0,11th Gen Intel Core i3 1115G4,"Dual Core, 4 Threads",8 GB DDR4 RAM,512 GB SSD,"15.6 inches, 1920 x 1080 pixels",Intel UHD Graphics,Windows 11 OS,1 Year Warranty,8,512.0
Zebronics Pro Series Z ZEB-NBC 4S 2023 Laptop (12th Gen Core i5 / 8GB/ 512GB SSD/ Win11 Home),31990,62.0,12th Gen Intel Core i5 1235U,"10 Cores (2P + 8E), 12 Threads",8 GB DDR4 RAM,512 GB SSD,"15.6 inches, 1920 x 1080 pixels",Intel Integrated,Windows 11 OS,1 Year Warranty,8,512.0
HP Omen 17-ck2011TX Gaming Laptop (13th Gen Core i9/ 32GB/ 1TB SSD/ Win11/ 16GB Graph),339999,61.75651041666666,13th Gen Intel Core i9 13900HX,"24 Cores (8P + 16E), 32 Threads",32 GB DDR5 RAM,1 TB SSD,"17.3 inches, 2560 x 1440 pixels",16 GB NVIDIA GeForce RTX 4090 ,Windows 11  OS,1 Year Warranty,32,1024.0
Primebook PBMTWIFI11064 Wi-Fi Laptop (MediaTek MT8183/ 4GB/ 64B eMMC/ Prime OS),11990,61.75651041666666,MediaTek MT8183,Octa Core,4 GB LPDDR4 RAM,64 GB Hard Disk,"11.6 inches, 1366 x 768 pixels",ARM Mali G72,1 Year Warranty,2 USB 3.0 Ports,4,64.0
Acer Nitro V ANV15-51 UN.QNASI.002 Gaming Laptop (13th Gen Core i5/ 16GB/ 512GB SSD/ Win11/ 4GB Graph),65990,60.0,13th Gen Intel Core i5 13420H,"Octa Core (4P + 4E), 12 Threads",16 GB DDR5 RAM,512 GB SSD,"15.6 inches, 1920 x 1080 pixels",4 GB NVIDIA GeForce RTX 2050,Windows 11 OS,1 Year Warranty,16,512.0
Acer One 11 Z8-284 UN.013SI.032 Laptop ( Intel Celeron N4500/ 8GB/ 256GB SSD/ Win11 Home),19990,61.75651041666666,Intel Celeron N4500,"Dual Core, 2 Threads",8 GB DDR4 RAM,256 GB SSD,"11.6 inches, 1366 x 768 pixels",Intel Integrated UHD,Windows 11 OS,1 Year Warranty,8,256.0
Zebronics ZEB-NBC 5S Laptop (12th Gen Core i7 / 16GB/ 512GB SSD/ Win11 Home),40990,66.0,12th Gen Intel Core i7 1255U,"10 Cores (2P + 8E), 12 Threads",16 GB DDR4 RAM,512 GB SSD,"15.6 inches, 1920 x 1080 pixels",Intel Integrated,Windows 11 OS,1 Year Warranty,16,512.0
HP 15s-fy5007TU Laptop (12th Gen Core i5/ 8GB/ 512GB SSD/ Win11 Home),49990,57.0,12th Gen Intel Core i5 1235U,"10 Cores (2P + 8E), 12 Threads",8 GB DDR4 RAM,512 GB SSD,"15.6 inches, 1920 x 1080 pixels",Intel Integrated UHD,Windows 11 OS,1 Year Warranty,8,512.0
Acer Nitro V ANV15-51 NH.QNASI.001 Gaming Laptop (13th Gen Core i5/ 8GB/ 512GB SSD/ Win11/ 4GB Graph),63990,59.0,13th Gen Intel Core i5 13420H,"Octa Core (4P + 4E), 12 Threads",8 GB DDR5 RAM,512 GB SSD,"15.6 inches, 1920 x 1080 pixels",4 GB NVIDIA GeForce RTX 2050,Windows 11 OS,1 Year Warranty,8,512.0
Ultimus Lite NU14U4INC54BN-CS Laptop (Celeron N4020/ 8GB/ 256GB SSD/ Win11 Home),15990,61.75651041666666,Intel Celeron  N4020,"Dual Core, 2 Threads",8 GB DDR4 RAM,256 GB SSD,"14.1 inches, 1366 x 768 pixels",Intel Integrated UHD Graphics,Windows 11 OS,1 Year Warranty,8,256.0
HP Pavilion Plus ‎14-ey0789AU Laptop (AMD Ryzen 7 7840H/ 16GB/ 1TB SSD/ Win 11),88990,69.0,7th Gen Amd Ryzen 7 7840H,"Octa Core, 16 Threads",16 GB LPDDR5x RAM,1 TB SSD,"14 inches, 2880 x 1800 pixels",AMD Radeon 780M Graphics,Windows 11 OS,1 Year Warranty,16,1024.0
HP Omen 17-cm2002TX Gaming Laptop (13th Gen Core i7/ 16 GB RAM/ 512 GB SSD/ Win 11/ 8 GB Graphics),151990,75.0,13th Gen Intel Core i7 13700HX,"16 Cores (8P + 8E), 24 Threads",16 GB DDR5 RAM,512 GB SSD,"17.3 inches, 1920 x 1080 pixels",8 GB NVIDIA GeForce RTX 4060,Windows 11 OS,1 Year Warranty,16,512.0
HP Omen 16-u0022TX Gaming Laptop (13th Gen Core i7/ 16GB/ 512GB SSD/ Win11 Home/ 6GB Graph),161445,74.0,13th Gen Intel Core i7 13700HX,"16 Cores (8P + 8E), 24 Threads",16 GB DDR5 RAM,512 GB SSD,"16.1 inches, 2560 x 1600 pixels",6 GB NVIDIA GeForce RTX 4050,Windows 11 OS,1 Year Warranty,16,512.0
Lenovo Yoga Slim 6 14IRH8 83E00015IN Laptop (13th Gen Core i5/ 16GB/ 1TB SSD/ Win11 Home),80990,54.0,13th Gen Intel Core i5 13500H,"12 Cores (4P + 8E), 16 Threads",16 GB LPDDR5X RAM,1 TB SSD,"14 inches, 1920 x 1200 pixels",Intel Integrated Iris Xe,Windows 11 OS,1 Year Warranty,16,1024.0
Lenovo Yoga Slim 6 83E00006IN Laptop (13th Gen Core i5/ 16GB/ 512GB SSD/ Win11 Home),80190,53.0,13th Gen Intel Core i5 13500H,"12 Cores (4P + 8E), 16 Threads",16 GB LPDDR5 RAM,512 GB SSD,"14 inches, 1920 x 1200 pixels",Intel Integrated Iris Xe,Windows 11 OS,1 Year Warranty,16,512.0
Lenovo IdeaPad Pro 5 83AQ005SIN Gaming Laptop (13th Gen Core i7/ 16GB/ 1TB SSD/ Win11/ 6GB Graph),109190,60.0,13th Gen Intel Core i7 13700H,"14 Cores (6P + 8E), 20 Threads",16 GB LPDDR5 RAM,1 TB SSD,"16 inches, 2560 x 1600 pixels",6 GB NVIDIA GeForce RTX 3050,Windows 11  OS,3 Year Warranty,16,1024.0
Lenovo IdeaPad Gaming 3 82K2027CIN Laptop (AMD Ryzen 5 5600H/ 8GB/ 512GB SSD/ Win11 Home/ 4GB Graph),51990,62.0,5th Gen AMD Ryzen 5 5600H,"Hexa Core, 12 Threads",8 GB DDR4 RAM,512 GB SSD,"15.6 inches, 1920 x 1080 pixels",4 GB NVIDIA GeForce RTX 2050,Windows 11 OS,1 Year Warranty,8,512.0
Asus TUF Gaming F17 FX706HF-HX019W Laptop (11th Gen Core i5/ 16GB/ 512GB SSD/ Win11/ 4GB Graph),64990,62.0,11th Gen Intel Core i5 11400H,"Hexa Core, 12 Threads",16 GB DDR4 RAM,512 GB SSD,"17.3 inches, 1920 x 1080 pixels",4 GB NVIDIA GeForce RTX 2050,Windows 11 OS,1 Year Warranty,16,512.0
Lenovo IdeaPad Flex 5 14IRU8 82Y00051IN Laptop (13th Gen Core i5/ 16GB/ 512GB SSD/ Win11 Home),73990,60.0,13th Gen Intel Core i5 1335U,"10 Cores (2P + 8E), 12 Threads",16 GB LPDDR4X RAM,512 GB SSD,"14 inches, 1920 x 1200 pixels, Touch Screen",Intel Integrated Iris Xe,Windows 11 OS,1 Year Warranty,16,512.0
Lenovo IdeaPad 1 15ALC7 82R400BSIN Laptop (AMD Ryzen 5 5500U / 8GB/ 512GB SSD/ Win11 Home),37990,52.0,5th Gen AMD Ryzen 5  5500U,"Hexa Core, 12 Threads",8 GB DDR4 RAM,512 GB SSD,"15.6 inches, 1920 x 1080 pixels",AMD Radeon,Windows 11 OS,1 Year Warranty,8,512.0
Acer One 11 Z8-284 UN.013SI.033 Laptop ( Intel Celeron N4500/ 8GB/ 128GB SSD/ Win11 Home),17990,61.75651041666666,Intel Celeron N4500,"Dual Core, 2 Threads",8 GB DDR4 RAM,128 GB SSD,"11.6 inches, 1366 x 768 pixels",Intel Integrated UHD,Windows 11 OS,1 Year Warranty,8,128.0
HP 15s-fy5006TU Laptop (12th Gen Core i3/ 8GB/ 512GB SSD/ Win11 Home),35999,53.0,12th Gen Intel Core i3 1215U,"Hexa Core (2P + 4E), 8 Threads",8 GB DDR4 RAM,512 GB SSD,"15.6 inches, 1920 x 1080 pixels",Intel Integrated UHD,Windows 11 OS,1 Year Warranty,8,512.0
Dell Inspiron 5430 IN5430FR0KC001ORS1 Laptop (13th Gen Core i5/ 8GB/ 512GB SSD/ Win11),59290,50.0,13th Gen Intel Core i5 1335U,"10 Cores (2P + 8E), 12 Threads",8 GB LPDDR5  RAM,512 GB SSD,"14 inches, 1920 x 1080 pixels",Intel Iris Xe Graphics,Windows 11 OS,1 Year Warranty,8,512.0
Lenovo Yoga Slim 6 14IRH8 83E00007IN Laptop (13th Gen Core i7/ 16GB/ 512GB SSD/ Win11 Home),106000,55.0,13th Gen Intel Core i7 13700H,"14 Cores (6P + 8E), 20 Threads",16 GB LPDDR5X RAM,512 GB SSD,"14 inches, 1920 x 1200 pixels",Intel Integrated Iris Xe,Windows 11 OS,1 Year Warranty,16,512.0
Lenovo IdeaPad 1 82VG00ESIN Laptop (AMD Ryzen 5 7520U / 8GB/ 512GB SSD/ Win11 Home),39790,52.0,7th Gen AMD Ryzen 5 7520U,"Quad Core, 8 Threads",8 GB LPDDR5 RAM,512 GB SSD,"15.6 inches, 1920 x 1080 pixels",AMD Radeon 610M,Windows 11 OS,1 Year Warranty,8,512.0
Lenovo Legion Pro 5 82WM00B7IN Gaming Laptop ( AMD Ryzen 7 7745HX/ 16GB/ 1TB SSD/ Win11 Home/ 8GB Graph),164190,61.75651041666666,7th Gen AMD Ryzen 7 7745HX,"Octa Core, 16 Threads",16 GB DDR5 RAM,1 TB SSD,"16 inches, 2560 x 1600 pixels",8 GB NVIDIA GeForce RTX 4070,Windows 11 OS,1 Year Warranty,16,1024.0
Lenovo Legion Pro 7 2023 82WQ007TIN Gaming Laptop (13th Gen Core i9/ 32GB/ 1TB SSD/ Win11 Home/ 12GB Graph),298990,61.75651041666666,13th Gen Intel Core i9 13900HX,"24 Cores (8P + 16E), 32 Threads",32 GB DDR5 RAM,1 TB SSD,"16 inches, 2560 x 1600 pixels",12 GB NVIDIA Geforce RTX 4080,Windows 11 OS,1 Year Warranty,32,1024.0
HP Pavilion 14-dv2153TU Laptop (12th Gen Core i5/ 16GB/ 1TB SSD/ Win 11),66990,63.0,12th Gen Intel Core i5 1235U,"10 Cores (2P + 8E), 12 Threads",16 GB DDR4 RAM,1 TB SSD,"14 inches, 1920 x 1080 pixels",Intel Integrated Iris Xe,Windows 11 OS,1 Year Warranty,16,1024.0
Lenovo Legion 5 Pro 82JQ010EIN Laptop (AMD Ryzen 7 5800H/ 16GB/ 512GB SSD/ Win11 Home/ 6GB Graph),103395,74.0,5th Gen AMD Ryzen 7 5800H,"Octa Core, 16 Threads",16 GB DDR4 RAM,512 GB SSD,"16 inches, 2560 x 1600 pixels",6 GB NVIDIA GeForce RTX 3060,Windows 11 OS,1 Year Warranty,16,512.0
Lenovo IdeaPad Slim 5 82XD005RIN Laptop (13th Gen Core i5/ 16GB/ 512GB SSD/ Win11),72190,53.0,13th Gen Intel Core i5 13420H,"Octa Core (4P + 4E), 12 Threads",16 GB LPDDR5 RAM,512 GB SSD,"14 inches, 1920 x 1200 pixels",Integrated Intel Iris Xe Graphics,Windows 11 OS,2 Year Warranty,16,512.0
Lenovo Legion Slim 5 82YA00DXIN Gaming Laptop (13th Gen Core i7/ 16GB/ 1TB SSD/ Win11/ 8GB Graph),139190,74.0,13th Gen Intel Core i7 13620H,"10 Cores (6P + 4E), 16 Threads",16 GB DDR5 RAM,1 TB SSD,"16 inches, 2560 x 1600 pixels",8 GB NVIDIA GeForce RTX 4060,Windows 11 OS,1 Year Warranty,16,1024.0
MSI CreatorPro Z16 HX B13VKTO-214IN Laptop (13th Gen Core i9/ 64GB/ 2TB SSD/ Win11/ RTX 3000 Ada),409990,61.75651041666666,13th Gen Intel Core i9 13950HX,24 Cores (8P + 16E),64 GB DDR5 RAM,2 TB SSD,"16 inches, 2560 x 1600 pixels",8 GB NVIDIA RTX 3000 Ada,Windows 11 OS,2 Year Warranty,64,1024.0
Lenovo IdeaPad 5 Pro 82SN00F0IN Gaming Laptop (AMD Ryzen 7 6800HS/ 16GB/ 512GB SSD/ Win11 Home/ 4GB Graph),87774,63.0,6th Gen AMD Ryzen 7 6800HS ,"Octa Core, 16 Threads",16 GB LPDDR5 RAM,512 GB SSD,"16 inches, 2560 x 1600 pixels",4 GB NVIDIA GeForce RTX 3050,Windows 11  OS,3 Year Warranty,16,512.0
Lenovo Yoga 7 82YL0099IN Laptop (13th Gen Core i7/ 16GB/ 1TB SSD/ Win11 Home),114190,72.0,13th Gen Intel Core i7 1360P,"12 Cores (4P + 8E), 16 Threads",16 GB LPDDR5 RAM,1 TB SSD,"14 inches, 2880 x 1800 pixels, Touch Screen",AMD Radeon Graphics,Windows 11 OS,1 Year Warranty,16,1024.0
HP 14s-dr3002TU Laptop (Intel Celeron N4500/ 8GB/ 512GB SSD/ Win11 Home),24990,61.75651041666666,Intel Celeron N4500,"Dual Core, 2 Threads",8 GB DDR4  RAM,512 GB SSD,"14 inches, 1366 x 768 pixels",Intel UHD Graphics,Windows 11 OS,1 Year Warranty,8,512.0
Lenovo IdeaPad Gaming 3 82SB00V2IN Laptop (AMD Ryzen 5 6600H/ 8GB/ 512GB SSD/ Win11 Home/ 4GB Graph),61712,57.0,6th Gen AMD Ryzen 5 6600H,"Hexa Core, 12 Threads",8 GB DDR4 RAM,512 GB SSD,"15.6 inches, 1920 x 1080 pixels",4 GB NVIDIA GeForce RTX 3050,Windows 11 OS,1 Year Warranty,8,512.0
Acer TravelMate P2 TMP214-53 Business Laptop (11th Gen Core i7/ 16GB/ 1TB SSD/ Win11 Home),49990,62.0,11th Gen Intel Core i7 1165G7,"Quad Core, 8 Threads",16 GB DDR4 RAM,1 TB SSD,"14 inches, 1920 x 1080 pixels",Intel Integrated Iris Xe,Windows 11 OS,1 Year Warranty,16,1024.0
Primebook S Wi-Fi Laptop (MediaTek MT8183/ 4GB/ 128GB eMMC/ Prime OS),12990,61.75651041666666,MediaTek MT8183,Octa Core,4 GB LPDDR4 RAM,128 GB Hard Disk,"11.6 inches, 1366 x 768 pixels",ARM Mali G72,1 Year Warranty,2 USB 3.0 Ports,4,128.0
Lenovo IdeaPad 3 15IAU7 82RK00XDIN Laptop (12th Gen Core i3/ 8GB/ 256GB SSD/ Win11 Home),32500,53.0,12th Gen Intel Core i3 1215U,"Hexa Core (2P + 4E), 8 Threads",8 GB DDR4 RAM,256 GB SSD,"15.6 inches, 1920 x 1080 pixels",Intel UHD Graphics ,Windows 11 OS,1 Year Warranty,8,256.0
Acer C734 NX.H8VSI.004 Chromebook Laptop (Celeron N4500/ 4GB/ 64GB eMMC/ Chrome OS),19990,61.75651041666666,Intel Celeron Dual Core N4500,"Dual Core, 2 Threads",4 GB LPDDR4X RAM,64 GB Hard Disk,"11.6 inches, 1280 x 1024 pixels",Intel Integrated UHD,Chrome OS,1 Year Warranty,4,64.0
Lenovo IdeaPad Flex 5 14IRU8 82Y0004TIN Laptop (13th Gen Core i7/ 16GB/ 512GB SSD/ Win11 Home),87990,61.0,13th Gen Intel Core i7 1355U,"10 Cores (2P + 8E), 12 Threads",16 GB LPDDR4X RAM,512 GB SSD,"14 inches, 1920 x 1200 pixels, Touch Screen",Intel Integrated Iris Xe,Windows 11 OS,1 Year Warranty,16,512.0
Acer Aspire 5 2023 A515-58GM Gaming Laptop (13th Gen Core i5/ 16GB/ 512GB SSD/ Win11/ 4GB Graphics),60999,61.0,13th Gen Intel Core i5 1335U,"10 Cores (2P + 8E), 12 Threads",16 GB DDR4 RAM,512 GB SSD,"15.6 inches, 1920 x 1080 pixels",4 GB NVIDIA GeForce RTX 2050,Windows 11 OS,1 Year Warranty,16,512.0
MSI Bravo 15 B7ED-011IN Gaming Laptop (AMD Ryzen 7 7735HS/ 16GB/ 512GB SSD/ Win11 Home/ 4GB Graph),79990,65.0,7th Gen AMD Ryzen 7 7735HS,"Octa Core, 16 Threads",16 GB DDR5 RAM,512 GB SSD,"15.6 inches, 1920 x 1080 pixels",4 GB AMD Radeon RX6550M,Windows 11 OS,1 Year Warranty,16,512.0
Lenovo IdeaPad Gaming 3 82K101PCIN Laptop (11th Gen Core i5/ 8GB/ 512GB SSD/ Win11 Home/ 4GB Graph),50712,63.0,11th Gen Intel Core i5 11320H,"Quad Core, 8 Threads",8 GB DDR4 RAM,512 GB SSD,"15.6 inches, 1920 x 1080 pixels",4 GB NVIDIA GeForce RTX 2050,Windows 11 OS,1 Year Warranty,8,512.0
Asus ROG Strix G15 G513RC-HN251WS Gaming Laptop (AMD Ryzen 7 6800H/ 16GB/ 1TB SSD/ Win11/ 4GB Graph),83990,66.0,6th Gen AMD Ryzen 7  6800H,"Octa Core, 16 Threads",16 GB DDR5 RAM,1 TB SSD,"15.6 inches, 1920 x 1080 pixels",4 GB NVIDIA GeForce RTX RTX 3050,Windows 11 OS,1 Year Warranty,16,1024.0
Lenovo IdeaPad Slim 1 82VG00EVIN Laptop (AMD Ryzen 3 7320U/ 8GB/ 512GB SSD/ Win11 Home),32000,52.0,7th Gen AMD Ryzen 3 7320U,"Quad Core, 8 Threads",8 GB LPDDR5 RAM,512 GB SSD,"15.6 inches, 1920 x 1080 pixels",AMD Radeon Graphics,Windows 11 OS,1 Year Warranty,8,512.0
Asus Vivobook 16 2023 X1605VA-MB957WS Laptop (13th Gen Core i9/ 16GB/ 1TB SSD/ Win11 Home),95689,66.0,13th Gen Intel Core i9 13900H,"14 Cores (6P + 8E), 20 Threads",16 GB DDR4 RAM,1 TB SSD,"16 inches, 1920 x 1200 pixels",Integrated Intel Iris Xe Graphics,Windows 11 OS,1 Year Warranty,16,1024.0
HP Zbook FireFly 14 G8 4F0W6PA Laptop (11th Gen Core i5/ 16GB/ 512GB SSD/ Win11 ),89900,65.0,11th Gen Intel Core i5 1135G7,"Quad Core, 8 Threads",16 GB DDR4 RAM,512 GB SSD,"14 inches, 1920 x 1080 pixels",Intel UHD Graphics,Windows 11 OS,1 Year Warranty,16,512.0
Dell Inspiron 15 3511 IN35117W5CCS01ORB1 Laptop (11th Gen Core i5/ 8GB/ 512GB SSD/ Win11),44890,61.75651041666666,11th Gen Intel Core i5 1135G7,"Quad Core, 8 Threads",8 GB DDR4 RAM,512 GB SSD,"15.6 inches, 1920 x 1080 pixels",Intel Integrated UHD Graphics,Windows 11  OS,1 Year Warranty,8,512.0
Asus Vivobook S14 Flip TN3402QA-LZ551WS Laptop (AMD Ryzen 5 5600H/ 16GB/ 1TB SSD/Win11),63990,55.0,5th Gen AMD Ryzen 5  5600H,"Hexa Core, 12 Threads",16 GB DDR4 RAM,1 TB SSD,"14 inches, 1920 x 1200 pixels, Touch Screen",AMD Radeon Graphics,Windows 11 OS,1 Year Warranty,16,1024.0
Lenovo IdeaPad Gaming 3 82SB00V3IN Laptop (AMD Ryzen 5 6600H/ 16GB/ 512GB SSD/ Win11 Home/ 4GB Graph),63889,60.0,6th Gen AMD Ryzen 5 6600H,"Hexa Core, 12 Threads",16 GB DDR4 RAM,512 GB SSD,"15.6 inches, 1920 x 1080 pixels",4 GB NVIDIA GeForce RTX 3050,Windows 11 OS,1 Year Warranty,16,512.0
Asus Vivobook S14 Flip TN3402QA-LZ751WS Laptop (AMD Ryzen 7/ 16GB/ 1TB SSD/Win11),68990,59.0,5th Gen AMD Ryzen 7 5800H,"Octa Core, 16 Threads",16 GB DDR4 RAM,1 TB SSD,"14 inches, 1920 x 1200 pixels, Touch Screen",AMD Radeon Graphics,Windows 11 OS,1 Year Warranty,16,1024.0
Lenovo IdeaPad 1 15AMN7 82VG00J5IN Laptop (AMD Ryzen 5 7520U / 8GB/ 512GB SSD/ Win11 Home),37990,52.0,7th Gen AMD Ryzen 5 7520U,"Quad Core, 8 Threads",8 GB LPDDR5 RAM,512 GB SSD,"15.6 inches, 1920 x 1080 pixels",AMD Radeon 610M,Windows 11 OS,1 Year Warranty,8,512.0
Lenovo Thinkpad T14 Laptop (AMD R7 Pro 4750U/ 16GB/ 512GB SSD/ Win 10 Pro),90000,55.0,4th Gen AMD Ryzen 7 PRO 4750U,"Octa Core, 16 Threads",16 GB DDR4 RAM,512 GB SSD,"14 inches, 1920 x 1080 pixels",AMD Radeon Graphics,Windows 10 OS,1 Year Warranty,16,512.0
Lenovo IdeaPad Gaming 3 82K2028AIN Laptop (AMD Ryzen 5 5600H/ 8GB/ 512GB SSD/ Win11 Home/ 4GB Graph),46490,57.0,5th Gen AMD Ryzen 5  5500H,"Quad Core, 8 Threads",8 GB DDR4 RAM,512 GB SSD,"15.6 inches, 1920 x 1080 pixels",4 GB  NVIDIA GeForce RTX 2050,Windows 11 OS,1 Year Warranty,8,512.0
Lenovo IdeaPad Slim 3 82RK011DIN Laptop (12th Gen Core i3/ 8GB/ 256GB SSD/ Win11),32990,61.75651041666666,12th Gen Intel Core i3 1215U,"Hexa Core (2P + 4E), 8 Threads",8 GB  RAM,256 GB SSD,"15.6 inches, 1920 x 1080 pixels",‎Intel UHD Graphics,Windows 11 OS,1 Year Warranty,8,256.0
Dell Vostro 3520 Laptop (11th Gen Core i5/ 8GB/ 512GB SSD/ Win11),42990,53.0,11th Gen Intel Core i5 1135G7,"Quad Core, 8 Threads",8 GB DDR4 RAM,512 GB SSD,"15.6 inches, 1920 x 1080 pixels",Intel UHD Graphics,Windows 11 OS,1 Year Warranty,8,512.0
HP 255 G9 724N9EA Laptop (AMD Athlon Silver 3050U/ 4GB/ 256GB SSD/ Win11),21290,61.75651041666666,3rd Gen AMD Athlon 3050U,"Dual Core, 2 Threads",4 GB DDR4 RAM,256 GB SSD,"15.6 inches, 1366 x 768 pixels",AMD Integrated,Windows 11 OS,1 Year Warranty,4,256.0
Lenovo IdeaPad 1 15AMN7 82VG00EQIN Laptop (AMD Athlon 7120U / 8GB/ 512GB SSD/ Win11 Home),26990,61.75651041666666,AMD Athlon 7120U,"Dual Core, 2 Threads",8 GB LPDDR5 RAM,512 GB SSD,"15.6 inches, 1366 x 768 pixels",AMD Radeon 610M Graphics,Windows 11 OS,1 Year Warranty,8,512.0
Dell Vostro 3530 Laptop (13th Gen Core i5/ 8GB/ 512GB SSD/ Win11),55700,52.0,13th Gen Intel Core i5 1335U,"10 Cores (2P + 8E), 12 Threads",8 GB DDR4 RAM,512 GB SSD,"15.6 inches, 1920 x 1080 pixels",Intel Integrated Graphics ,Windows 11 OS,1 Year Warranty,8,512.0
Lenovo V14 G4 Laptop (AMD Ryzen 3 7320U / 8GB/ 512GB SSD/ Win11 Home),28990,61.75651041666666,7th Gen AMD Ryzen 3 7320U,"Quad Core, 8 Threads",8 GB LPDDR5 RAM,512 GB SSD,"14 inches, 1920 x 1080 pixels",AMD Radeon,Windows 11 OS,1 Year Warranty,8,512.0
Lenovo Thinkpad E15 G4 21DJA0Y0IN Laptop (12th Gen Core i7/ 16GB/ 512GB SSD/ Win11 Home),57990,59.0,12th Gen Intel Core i7 1255U,"10 Cores (2P + 8E), 12 Threads",16 GB DDR4 RAM,512 GB SSD,"15.6 inches, 1920 x 1080 pixels",Intel Integrated Iris Xe,Windows 11 OS,Backlit Keyboard,16,512.0
Lenovo V15 G3 82TTA02UIH Laptop (12th Gen Core i5/ 8GB/ 512GB SSD/ Win11),44990,59.0,12th Gen Intel Core i5 1235U,"10 Cores (2P + 8E), 12 Threads",8 GB DDR4 RAM,512 GB SSD,"15.6 inches, 1920 x 1080 pixels",Intel Integrated UHD,Windows 11 OS,1 Year Warranty,8,512.0
MSI Creator Z16 HX B13VFTO-215IN Laptop (13th Gen Core i7/ 32GB/ 1TB SSD/ Win11/ RTX4060),219990,61.75651041666666,13th Gen Intel Core i7 13700HX,"16 Cores (8P + 8E), 24 Threads",32 GB DDR5 RAM,1 TB SSD,"16 inches, 2560 x 1600 pixels",8 GB NVIDIA GeForce RTX 4060,Windows 11 OS,2 Year Warranty,32,1024.0
Dell Vostro 3525 Laptop (AMD Ryzen 5-5500U/ 8GB/ 512GB SSD/ Win11),36990,52.0,5th Gen AMD Ryzen 5 5500U,"Hexa Core, 12 Threads",8 GB DDR4 RAM,512 GB SSD,"15.6 inches, 1920 x 1080 pixels",AMD Radeon Graphics,Windows 11 OS,1 Year Warranty,8,512.0
Asus ROG Strix G16 2023 G614JJ-N3086WS Gaming Laptop (13th Gen Core i5/ 16GB/ 512GB SSD/ Win11/ 6GB Graph),92990,64.0,13th Gen Intel Core i5 13450HX,"10 Cores (6P + 4E), 16 Threads",16 GB DDR5 RAM,512 GB SSD,"16 inches, 1920 x 1200 pixels",6 GB NVIDIA GeForce RTX 3050,Windows 11 OS,1 Year Warranty,16,512.0
Asus ROG Strix G16 2023 G614JJ-N3088WS Gaming Laptop (13th Gen Core i5/ 16GB/ 1TB SSD/ Win11/ 6GB Graph),94990,65.0,13th Gen Intel Core i5 13450HX,"10 Cores (6P + 4E), 16 Threads",16 GB DDR5 RAM,1 TB SSD,"16 inches, 1920 x 1200 pixels",6 GB NVIDIA GeForce RTX 3050,Windows 11 OS,1 Year Warranty,16,1024.0
MSI Creator Pro M16 B13VJ-1272IN Gaming Laptop (13th Gen Core i7/ 32GB/ 1TB SSD/ Win 11/ 8GB Graph),249990,79.0,13th Gen Intel Core i7 13700H,"14 Cores (6P + 8E), 20 Threads",32 GB DDR5 RAM,1 TB SSD,"16 inches, 1920 x 1200 pixels",8 GB NVIDIA GeForce RTX A2000 Ada,Windows 11 OS,2 Year Warranty,32,1024.0
Lenovo IdeaPad Slim 3i 82X70032IN Laptop (13th Gen Core i3/ 8GB/ 512GB SSD/ Win11 Home),43590,61.75651041666666,13th Gen Intel Core i3 1305U,"5 Cores (1P + 4E), 6 Threads",8 GB LPDDR5 RAM,512 GB SSD,"15.6 inches, 1920 x 1080 pixels",Intel UHD Graphics,Windows 11 OS,1 Year Warranty,8,512.0
HP 240 G9 821J4PA Laptop (12th Gen Core i5/ 8GB/ 512 GB SSD/ Win11),64490,59.0,12th Gen Intel Core i5 1235U,"10 Cores (2P + 8E), 12 Threads",8 GB DDR4 RAM,512 GB SSD,"14 inches, 1366 x 768 pixels",Intel Integrated,Windows 11 OS,1 Year Warranty,8,512.0
Lenovo IdeaPad Flex 5 Gen 8 82XX0070IN Laptop (AMD Ryzen 5 7530U/ 16GB/ 512GB SSD/ Win11 Home),62990,65.0,7th Gen AMD Ryzen 5 7530U,"Hexa Core, 12 Threads",16 GB LPDDR4X RAM,512 GB SSD,"14 inches, 1920 x 1200 pixels, Touch Screen",AMD Radeon AMD,Windows 11 OS,1 Year Warranty,16,512.0
Dell Inspiron 3530 15 Laptop (13th Gen Core i5/ 16GB/ 1TB SSD/ Win11 Home),66450,52.0,13th Gen Intel Core i5 1335U,"10 Cores (2P + 8E), 12 Threads",16 GB DDR4 RAM,1 TB SSD,"15.6 inches, 1920 x 1080 pixels",Intel UHD Graphics,Windows 11 OS,1 Year Warranty,16,1024.0
Lenovo IdeaPad 3 82H802L3IN Laptop (11th Gen Core i3/ 8GB/ 512GB SSD/ Win11 Home),35232,54.0,11th Gen Intel Core i3 1115G4,"Dual Core, 4 Threads",8 GB DDR4 RAM,512 GB SSD,"15.6 inches, 1920 x 1080 pixels",Intel Integrated UHD,Windows 11 OS,1 Year Warranty,8,512.0
HP ZBook Firefly 16 G9 6V2X7PA Workstation PC Laptop (12th Gen Core i7/ 16GB/ 1TB SSD/ Win11),124000,69.0,12th Gen Intel Core i7 1255U,"10 Cores (2P + 8E), 12 Threads",16 GB DDR5 RAM,1 TB SSD,"16 inches, 1920 x 1200 pixels",Intel Iris Xe Graphics,Windows 11 OS,1 Year Warranty,16,1024.0
Asus ROG Strix G17 G713RC-HX109WS Gaming Laptop (AMD Ryzen 7 6800H/ 16GB/ 512GB SSD/ Win11/ 4GB Graph),79990,68.0,6th Gen AMD Ryzen 7 6800H,"Octa Core, 16 Threads",16 GB DDR5  RAM,512 GB SSD,"17.3 inches, 1920 x 1080 pixels",4 GB NVIDIA GeForce RTX 3050,Windows 11 OS,1 Year Warranty,16,512.0
Lenovo IdeaPad Slim 3 82H803HPIN Laptop (11th Gen Core i5/ 16GB/ 512GB SSD/ Win11 Home),47490,55.0,11th Gen Intel Core i5 1155G7,"Quad Core, 8 Threads",16 GB DDR4 RAM,512 GB SSD,"15.6 inches, 1920 x 1080 pixels",Intel Iris Xe Graphics,Windows 11 OS,1 Year Warranty,16,512.0
HP Victus 15-fa1132TX Laptop (12th Gen Core i5/ 8GB/ 512GB SSD/ Win11 Home/ 4GB Graph),59990,62.0,12th Gen Intel Core i5 12450H,"Octa Core (4P + 4E), 12 Threads",8 GB DDR4 RAM,512 GB SSD,"15.6 inches, 1920 x 1080 pixels",4 GB NVIDIA GeForce RTX 2050,Windows 11 OS,1 Year Warranty,8,512.0
Infinix INBook X2 Slim Series XL23 2023 Laptop (11th Gen Core i5/ 16GB/ 1TB SSD/ Win 11 Home),36990,55.0,11th Gen Intel Core i5 1155G7,"Quad Core, 8 Threads",16 GB LPDDR4X RAM,1 TB SSD,"14 inches, 1920 x 1080 pixels",Intel Integrated Iris Xe,Windows 11 OS,1 Year Warranty,16,1024.0
Lenovo IdeaPad Gaming 3 15IHU6 82K101PCIN Laptop (11th Gen Core i5/ 8GB/ 512GB SSD/ Win11/ 4GB Graph),50990,60.0,11th Gen Intel Core i5 11320H,"Quad Core, 8 Threads",8 GB DDR4 RAM,512 GB SSD,"15.6 inches, 1920 x 1080 pixels",4 GB NVIDIA GeForce GTX 2050,Windows 11 OS,1 Year Warranty,8,512.0
Acer Aspire Lite 15 AL15-51 Laptop (11th Gen Core i3/16GB/ 512GB SSD/ Win11),35499,57.0,11th Gen Intel Core i3 1115G4,"Dual Core, 4 Threads",16 GB DDR4 RAM,512 GB SSD,"15.6 inches, 1920 x 1080 pixels",Intel UHD Graphics ,Windows 11 OS,1 Year Warranty,16,512.0
Lenovo Yoga 6 13ABR8 83B2007UIN Laptop (AMD Ryzen 7 7730U/ 16GB/ 1TB SSD/ Win11 Home),86190,66.0,7th Gen AMD Ryzen 7 7730U,"Octa Core, 16 Threads",16 GB LPDDR4X RAM,1 TB SSD,"13.3 inches, 1920 x 1200 pixels, Touch Screen",AMD Radeon Graphics,Windows 11 OS,1 Year Warranty,16,1024.0
Lenovo IdeaPad Flex 5 82R900D4IN Laptop (AMD Ryzen 7 5700U/ 16GB/ 512GB SSD/ Win11 Home),64990,60.0,5th Gen AMD Ryzen 7 5700U,"Octa Core, 16 Threads",16 GB DDR4 RAM,512 GB SSD,"14 inches, 1920 x 1200 pixels, Touch Screen",AMD Radeon,Windows 11 OS,1 Year Warranty,16,512.0
Ultimus Neo NU14U3INT54BN Laptop (10th Gen Core i3/ 8GB/ 256GB SSD/Win11 Home),22000,61.75651041666666,10th Gen Intel Core i3 1005G1,"Dual Core, 4 Threads",8 GB DDR4 RAM,256 GB SSD,"14.1 inches, 1920 x 1080 pixels",Intel Integrated Iris,Windows 11 OS,1 Year Warranty,8,256.0
Microsoft Surface Laptop Go 3 (12th Gen Core i5/ 16 GB RAM/ 256 GB SSD/ Win 11),89990,56.0,12th Gen Intel Core i5 1235U,"10 Cores (2P + 8E), 12 Threads",16 GB LPDDR5 RAM,256 GB SSD,"12.4 inches, 1536 x 1024 pixels, Touch Screen",Intel Iris Xe Graphics ,Windows 11 OS,1 Year Warranty,16,256.0
HP Victus 15-fb0158AX Gaming Laptop (AMD Ryzen 5 5600H/ 8GB/ 512GB SSD/ Win11/ 4GB Graph),50490,63.0,5th Gen AMD Ryzen 5  5600H ,"Hexa Core, 12 Threads",8 GB DDR4 RAM,512 GB SSD,"15.6 inches, 1920 x 1080 pixels",4 GB AMD Radeon RX 6500M,Windows 11 OS,1 Year Warranty,8,512.0
Lenovo Legion Slim 5 16APH8 82Y90042IN Gaming Laptop (AMD Ryzen 7 7840HS/ 16GB/ 512GB SSD/ Win11/ 8GB Graph),128990,78.0,7th Gen AMD Ryzen 7 7840HS,"Octa Core, 16 Threads",16 GB DDR5 RAM,512 GB SSD,"16 inches, 2560 x 1600 pixels",8 GB NVIDIA GeForce RTX 4060,Windows 11 OS,1 Year Warranty,16,512.0
Lenovo IdeaPad Gaming 3 15IHU6 82K101PBIN Laptop (11th Gen Core i5/ 8GB/ 512GB SSD/ Win11 Home/ 4GB Graph),50990,63.0,11th Gen Intel Core i5 11320H,"Quad Core, 8 Threads",8 GB DDR4 RAM,512 GB SSD,"15.6 inches, 1920 x 1080 pixels",4 GB NVIDIA GeForce RTX 2050,Windows 11 OS,1 Year Warranty,8,512.0
Lenovo Legion Slim 5 82Y9009KIN Gaming Laptop (AMD Ryzen 7 7840HS/ 16GB/ 512GB SSD/ Win11/ 6GB Graph),114190,75.0,7th Gen AMD Ryzen 7 7840HS,"Octa Core, 16 Threads",16 GB DDR5 RAM,512 GB SSD,"16 inches, 1920 x 1200 pixels",6 GB NVIDIA GeForce RTX 4050,Windows 11 OS,1 Year Warranty,16,512.0
HP Pavilion x360 14-ek1021TU Laptop (13th Gen Core i7/ 16GB/ 512GB SSD/ Win11),89990,65.0,13th Gen Intel Core i7 1355U ,"10 Cores (2P + 8E), 12 Threads",16 GB DDR4 RAM,512 GB SSD,"14 inches, 1920 x 1080 pixels, Touch Screen",Intel Integrated Iris Xe,Windows 11 OS,1 Year Warranty,16,512.0
Lenovo IdeaPad Gaming 3 15IAH7 82S9014LIN Laptop (12th Gen Core i5/ 16GB/ 512GB SSD/ Win11 Home/ 4GB Graph),67990,63.0,12th Gen Intel Core i5 12450H,"Octa Core (4P + 4E), 12 Threads",16 GB DDR4 RAM,512 GB SSD,"15.6 inches, 1920 x 1080 pixels",4 GB NVIDIA GeForce RTX 3050,Windows 11 OS,1 Year Warranty,16,512.0
HP Victus 15-fa1062TX Gaming Laptop (13th Gen Core i5/ 16GB/ 512GB SSD/ Win11 Home/ 6GB Graph),97000,66.0,13th Gen Intel Core i5 13500H,"12 Cores (4P + 8E), 16 Threads",16 GB DDR4 RAM,512 GB SSD,"15.6 inches, 1920 x 1080 pixels",6 GB NVIDIA GeForce RTX 4050,Windows 11 OS,1 Year Warranty,16,512.0
Lenovo S14 Gen 3 82TW001DIH Laptop (12th Gen Core i5/ 8GB/ 512GB SSD/ Win11),47990,51.0,12th Gen Intel Core i5 1235U,"10 Cores (2P + 8E), 12 Threads",8 GB  RAM,512 GB SSD,"14 inches, 1920 x 1080 pixels",Intel UHD Graphics,Windows 11 OS,3 Year Warranty,8,512.0
Lenovo Yoga Pro 7 82Y700A2IN Laptop (13th Gen Core i7/ 16GB/ 1TB SSD/ Win11 Home),104900,61.0,13th Gen Intel Core i7 13700H,"14 Cores (6P + 8E), 20 Threads",16 GB  LPDDR5 RAM,1 TB SSD,"14.5 inches, 2560 x 1600 pixels",Integrated Intel Iris Xe Graphics,Windows 11 OS,1 Year Warranty,16,1024.0
HP 15-fc0027AU Laptop (AMD Ryzen 3 7320U/ 8GB/ 512GB SSD/ Win11 Home),36990,52.0,7th Gen AMD Ryzen 3 7320U,"Quad Core, 8 Threads",8 GB LPDDR5 RAM,512 GB SSD,"15.6 inches, 1920 x 1080 pixels",AMD Radeon AMD,Windows 11 OS,1 Year Warranty,8,512.0
Lenovo Legion Slim 5 16APH8 82Y9008MIN Gaming Laptop (AMD Ryzen 7 7840HS/ 16GB/ 512GB SSD/ Win11/ 8GB Graph),130990,79.0,7th Gen AMD Ryzen 7 7840HS,"Octa Core, 16 Threads",16 GB DDR5 RAM,512 GB SSD,"16 inches, 2560 x 1600 pixels",8 GB NVIDIA GeForce RTX 4060,Windows 11 OS,1 Year Warranty,16,512.0
Acer Aspire 5 A515-58M NX.KHFSI.003 Gaming Laptop (13th Gen Core i3/ 8GB/ 512GB SSD/ Win11 Home),40990,61.75651041666666,13th Gen Intel Core i3 1305U,"5 Cores (1P + 4E), 6 Threads",8 GB DDR5 RAM,512 GB SSD,"15.6 inches, 1920 x 1080 pixels",Intel UHD Graphics,Windows 11 OS,1 Year Warranty,8,512.0
HP Spectre 17-cs0097nr Foldable Laptop (12th Gen Core i7/ 16 GB RAM/ 1 TB SSD/ Win 11),415000,66.0,12th Gen Intel Core i7 1250U,"10 Cores (2P + 8E), 12 Threads",16 GB LPDDR5 RAM,1 TB SSD,"17 inches, 1920 x 2560 pixels, Touch Screen",Intel Iris Xe Graphics,Windows 11 OS,1 Year Warranty,16,1024.0
Asus VivoBook 15 X515MA-BR022WS Laptop (Celeron N4020/ 8GB/ 512GB SSD/ Win11 Home),27490,61.75651041666666,Intel Celeron N4020,"Dual Core, 2 Threads",8 GB DDR4 RAM,512 GB SSD,"15.6 inches, 1366 x 768 pixels",Intel Integrated UHD 600,Windows OS,1 Year Warranty,8,512.0
Fujitsu CH‎ 4ZR1L82433 Laptop (13th Gen Core i5/ 16GB/ 512GB SSD/ Win11),59806,61.0,13th Gen Intel Core i5 1334U,"10 Cores (2P + 8E), 12 Threads",16 GB DDR5 RAM,512 GB SSD,"13.3 inches, 1920 x 1080 pixels",Intel Iris Xe Graphics,Windows 11 OS,2 Year Warranty,16,512.0
Asus VivoBook 15 X1500EA-EJ311W Laptop (11th Gen Core i3/ 8GB/ 256GB SSD/ Win11),28990,53.0,11th Gen Intel Core i3 1115G4,"Dual Core, 4 Threads",8 GB DDR4 RAM,256 GB SSD,"15.6 inches, 1920 x 1080 pixels",Intel Integrated UHD,Windows 11 OS,1 Year Warranty,8,256.0
Fujitsu CH‎ 4ZR1L82434 Laptop (13th Gen Core i7/ 16GB/ 512GB SSD/ Win11),69990,62.0,13th Gen Intel Core i7 1355U,"10 Cores (2P + 8E), 12 Threads",16 GB DDR5 RAM,512 GB SSD,"13.3 inches, 1920 x 1080 pixels",Intel Iris Xe Graphics,Windows 11 OS,2 Year Warranty,16,512.0
Asus Vivobook 15 X1502ZA-EJ993WS Laptop (12th Gen Core i3/ 16GB/ 512GB SSD/ Win11),39990,54.0,12th Gen Intel Core i3 1215U,"Hexa Core (2P + 4E), 8 Threads",16 GB DDR4 RAM,512 GB SSD,"15.6 inches, 1920 x 1080 pixels",Intel Integrated UHD,Windows 11 OS,1 Year Warranty,16,512.0
Asus Vivobook 15X OLED M3504YA-LK752WS Laptop (AMD Ryzen 7 7730U/ 16GB/ 1TB SSD/ Win11 Home),62990,63.0,7th Gen AMD Ryzen 7  7730U,"Octa Core, 16 Threads",16 GB DDR4 RAM,1 TB SSD,"15.6 inches, 1920 x 1080 pixels",Integrated AMD Radeon Graphics,Windows 11 OS,1 Year Warranty,16,1024.0
Asus Vivobook 15 X1504ZA-NJ542WS Laptop (12th Gen Core i5/ 16GB/ 512GB SSD/ Win11),50990,56.0,12th Gen Intel Core i5 1235U,"10 Cores (2P + 8E), 12 Threads",16 GB DDR4 RAM,512 GB SSD,"15.6 inches, 1920 x 1080 pixels",Intel Iris Xe Graphics,Windows 11 OS,1 Year Warranty,16,512.0
HP Pavilion 15-eg3018TU Laptop (13th Gen Core i5/ 16GB/ 1TB SSD/ Win11 Home),72990,55.0,13th Gen Intel Core i5 1335U,"10 Cores (2P + 8E), 12 Threads",16 GB DDR4- RAM,1 TB SSD,"15.6 inches, 1920 x 1080 pixels",Intel Integrated Intel Iris Xe Graphics,Windows 11 OS,1 Year Warranty,16,1024.0
Acer Nitro V ANV15-51 Gaming Laptop (13th Gen Core i5/ 8GB/ 512GB SSD/ Win11/ 6GB Graph),75990,56.0,13th Gen Intel Core i5 13420H,"Octa Core (4P + 4E), 12 Threads",8 GB DDR5 SDRAM RAM,512 GB SSD,"15.6 inches, 1920 x 1080 pixels",6 GB NVIDIA GeForce RTX 4050,Windows 11 OS,1 Year Warranty,8,512.0
HP 15s-fq3066TU Laptop (Intel Celeron N4500/ 8GB/ 512GB SSD/ Win11 Home),28990,61.75651041666666,Intel Celeron N4500,"Dual Core, 2 Threads",8 GB DDR4 RAM,512 GB SSD,"15.6 inches, 1366 x 768 pixels",Intel Integrated UHD,Windows 11 OS,1 Year Warranty,8,512.0
Asus Vivobook Pro 15 M6500RC-HN741WS Laptop (AMD Ryzen 7 6800H/ 16GB/ 512GB SSD/ Win11/ 4GB Graph),72990,66.0,6th Gen AMD Ryzen 7 6800H,"Octa Core, 16 Threads",16 GB LPDDR5 RAM,512 GB SSD,"15.6 inches, 1920 x 1080 pixels",4 GB NVIDIA GeForce RTX 3050,Windows 11 OS,1 Year Warranty,16,512.0
HP Victus 15-fb1016AX  Gaming Laptop (AMD Ryzen 5 7535HS/ 8GB/ 512GB SSD/ Win11/ 4GB Graph),62500,63.0,7th Gen AMD Ryzen 5 7535HS,"Hexa Core, 12 Threads",8 GB DDR5 RAM,512 GB SSD,"15.6 inches, 1920 x 1080 pixels",4 GB NVIDIA GeForce RTX 2050,Windows 11 OS,1 Year Warranty,8,512.0
Lenovo Ideapad 3 15ITL06 82H803GUIN Laptop (11th Gen Core i3/ 8GB/ 512GB SSD/ Win11),36890,61.75651041666666,11th Gen Intel Core i3 1115G4,"Dual Core, 4 Threads",8 GB DDR4 RAM,512 GB SSD,"15.6 inches, 1920 x 1080 pixels",Intel UHD Graphics,Windows 11 OS,1 Year Warranty,8,512.0
Lenovo IdeaPad Flex 5 82Y00053IN Laptop (13th Gen Core i7/ 16GB/ 512GB SSD/ Win11 Home),87990,55.0,13th Gen Intel Core i7 1355U,"10 Cores (2P + 8E), 12 Threads",16 GB  RAM,512 GB SSD,"14 inches, 1920 x 1200 pixels, Touch Screen",‎Intel Iris Xe Graphics,Windows 11 OS,1 Year Warranty,16,512.0
Lenovo Yoga 7 82YM0074IN Laptop (AMD Ryzen 7 7735U/ 16GB/ 1TB SSD/ Win11 Home),94190,75.0,7th Gen AMD Ryzen 7 7735U,"Octa Core, 16 Threads",16 GB DDR5 RAM,1 TB SSD,"14 inches, 2880 x 1800 pixels, Touch Screen",AMD Radeon Graphics,Windows 11 OS,1 Year Warranty,16,1024.0
Lenovo IdeaPad 3 82H803HRIN Laptop (11th Gen Core i7/ 16GB/ 512GB SSD/ Win11 Home),59990,55.0,11th Gen Intel Core i7 1165G7,"Quad Core, 8 Threads",16 GB DDR4 RAM,512 GB SSD,"15.6 inches, 1920 x 1080 pixels",Integrated Intel Iris Xe Graphics,Windows 11 OS,1 Year Warranty,16,512.0
HP 250 G9 7N179PA Laptop (12th Gen Core i5/ 8 GB RAM/ 512 GB SSD/ Win 11),49990,53.0,12th Gen Intel Core i5 1235U,"10 Cores (2P + 8E), 12 Threads",8 GB DDR4 RAM,512 GB SSD,"15.6 inches, 1366 x 768 pixels",Intel Iris Xe Graphics,Windows 11 OS,1 Year Warranty,8,512.0
Asus Vivobook Pro 15 M6500QC-HN551WS Laptop (AMD Ryzen 5 5600HS/ 16 GB RAM/ 1 TB SSD/ Win 11/ 4 GB Graphics),69990,59.0,5th Gen AMD Ryzen 5 5600HS,"Hexa Core, 12 Threads",16 GB DDR4 RAM,1 TB SSD,"15.6 inches, 1920 x 1080 pixels",4 GB NVIDIA GeForce RTX 3050,Windows 11 OS,1 Year Warranty,16,1024.0
Lenovo Thinkpad E15 21E6S07S00 Laptop (12th Gen Core i5/ 16 GB RAM/ 512 GB SSD/ Win 11),77990,59.0,12th Gen Intel Core i5 1235U,"10 Cores (2P + 8E), 12 Threads",16 GB DDR4 RAM,512 GB SSD,"15.6 inches, 1920 x 1080 pixels",Intel Iris Xe Graphics,Windows 11 OS,1 Year Warranty,16,512.0
Asus Vivobook Pro 15 M6500QC-HN751WS Laptop (AMD Ryzen 7 5800HS/ 16 GB RAM/ 1 TB SSD/ Win 11/ 4 GB Graphics),72990,60.0,5th Gen AMD Ryzen 7 5800HS,"Octa Core, 16 Threads",16 GB DDR4 RAM,1 TB SSD,"15.6 inches, 1920 x 1080 pixels",4 GB NVIDIA GeForce RTX 3050,Windows 11 OS,1 Year Warranty,16,1024.0
Lenovo Ideapad Slim 5 82XF007CIN Laptop (13th Gen Core i5/ 16 GB RAM/ 1 TB SSD/ Win 11),71990,53.0,13th Gen Intel Core i5 13500H,"12 Cores (4P + 8E), 16 Threads",16 GB LPDDR5 RAM,1 TB SSD,"16 inches, 1920 x 1200 pixels",Intel Iris Xe Graphics,Windows 11 OS,1 Year Warranty,16,1024.0
HP 255 G9 841W6PA Laptop (AMD Ryzen 3 3250U/ 8 GB RAM/ 512 GB SSD/ FreeDOS),23999,61.75651041666666,3rd Gen AMD Ryzen 3  3250U,"Dual Core, 4 Threads",8 GB DDR4 RAM,512 GB SSD,"15.6 inches, 1366 x 768 pixels",AMD Radeon Graphics,DOS 3.0 OS,1 Year Warranty,8,512.0
Lenovo IdeaPad Slim 5i 83BG000DIN Laptop (12th Gen Core i5/ 16 GB RAM/ 512 GB SSD/ Win 11),62190,54.0,12th Gen Intel Core i5 12450H,"Octa Core (4P + 4E), 12 Threads",16 GB LPDDR5 RAM,512 GB SSD,"16 inches, 1920 x 1200 pixels",Intel UHD Graphics,Windows 11 OS,1 Year Warranty,16,512.0
Asus Vivobook 16X 2023 K3605ZC-MBN752WS Laptop (12th Gen Core i7/ 16GB/ 1TB SSD/ Win11 Home/ 4GB Graph),82990,69.0,12th Gen Intel Core i7 12650H,"10 Cores (6P + 4E), 16 Threads",16 GB DDR4 RAM,1 TB SSD,"16 inches, 1920 x 1200 pixels",4 GB NVIDIA GeForce RTX 3050,Windows 11 OS,1 Year Warranty,16,1024.0
Lenovo IdeaPad Slim 3 82RK00VVIN Laptop (12th Gen Core i3/ 8GB/ 512GB SSD/ Win11),37990,61.75651041666666,12th Gen Intel Core i3 1215U,"Hexa Core (2P + 4E), 8 Threads",8 GB  RAM,512 GB SSD,"15.6 inches, 1920 x 1080 pixels",‎Intel UHD Graphics,Windows 11 OS,1 Year Warranty,8,512.0
Gigabyte G5 MF-F2IN313SH Laptop (12th Gen Core i5/ 16GB/ 512GB SSD/ Win11 Home/ 6GB Graph),71990,64.0,12th Gen Intel Core i5 12450H,"Octa Core (4P + 4E), 12 Threads",16 GB  RAM,512 GB SSD,"15.6 inches, 1920 x 1080 pixels",6 GB NVIDIA GeForce RTX 4050,Windows 11 OS,2 Year Warranty,16,512.0
HP Victus 15-FB1001AX Gaming Laptop (AMD Ryzen 5 7535HS/ 8GB/ 512GB SSD/ Win11/ 4GB Graph),54990,66.0,7th Gen AMD Ryzen 5 7535HS,"Hexa Core, 12 Threads",8 GB DDR5 RAM,512 GB SSD,"15.6 inches, 1920 x 1080 pixels",4 GB NVIDIA GeForce RTX 2050,Windows 11 OS,1 Year Warranty,8,512.0
Dell Inspiron 3530 IN3530RW8JY001ORS1 Laptop (13th Gen Core i5/ 8GB/ 1TB SSD/ Win11 Home),57890,61.75651041666666,13th Gen Intel Core i5 1335U,"10 Cores (2P + 8E), 12 Threads",8 GB DDR4 RAM,1 TB SSD,"15.6 inches, 1920 x 1080 pixels",Intel Integrated Integrated Intel® UHD Graphics,Windows 11 OS,1 Year Warranty,8,1024.0
Dell Inspiron 3520 IN3520KTMFJS1ORGR1 Laptop (11th Gen Core i3/ 8GB/ 512GB SSD/ Win11),38990,50.0,11th Gen Intel Core i3 1115G4,"Dual Core, 4 Threads",8 GB DDR4 RAM,512 GB SSD,"15.6 inches, 1920 x 1080 pixels",Intel UHD Graphics,Windows 11 OS,1 Year Warranty,8,512.0
Acer Aspire 7 A715-76G NH.QMYSI.001 Gaming Laptop (12th Gen Core i5/ 8GB/ 512GB SSD/ Win11 Home/ 4GB Graph),51990,64.0,12th Gen Intel Core i5 12450H,"Octa Core (4P + 4E), 12 Threads",8 GB DDR4 RAM,512 GB SSD,"15.6 inches, 1920 x 1080 pixels",4 GB NVIDIA GeForce RTX 2050,Windows 11 OS,1 Year Warranty,8,512.0
Lenovo Legion 9i 2023 Laptop (13th Gen Core i9/ 32GB/ 1TB SSD/ Win11/ 16GB Graph),399999,61.75651041666666,13th Gen Intel Core i9 13980HX,"24 Cores (8P + 16E), 32 Threads",32 GB DDR5 RAM,1 TB SSD,"16 inches, 3200 x 2000 pixels",16 GB NVIDIA GeForce RTX 4090,Windows 11 OS,1 Year Warranty,32,1024.0
Asus TUF Gaming F15 90NR0GW1-M00F00 Laptop (12th Gen Core i7/ 16GB/ 1TB SSD/ Win11/ 4GB Graph),86990,60.0,12th Gen Intel Core i7 12700H ,20 Threads,16 GB DDR5 RAM,1 TB SSD,"15.6 inches, 1920 x 1080 pixels",4 GB ‎NVIDIA GeForce RTX 3050,Windows 11  OS,1 Year Warranty,16,1024.0
HP 250 G9 7M659PA Laptop (12th Gen Core i3/ 8GB/ 512GB SSD/ Win11),34990,57.0,12th Gen Intel Core i3 1215U,"Hexa Core (2P + 4E), 8 Threads",8 GB DDR4 RAM,512 GB SSD,"15.6 inches, 1366 x 768 pixels",Intel Integrated,Windows 11 OS,1 Year Warranty,8,512.0
Asus Vivobook 16 2023 X1605ZAB-MB322WS Laptop (12th Gen Core i3/ 8GB/ 512GB SSD/ Win11 Home),40739,53.0,12th Gen Intel Core i3 1215U,"Hexa Core (2P + 4E), 8 Threads",8 GB DDR4 RAM,512 GB SSD,"16 inches, 1920 x 1200 pixels",Intel Integrated UHD,Windows 11 OS,1 Year Warranty,8,512.0
Asus Vivobook 16X 2023 K3605ZV-MBN741WS Laptop (12th Gen Core i7/ 16GB/ 512GB SSD/ Win11),99990,69.0,12th Gen Intel Core i7 12650H,"10 Cores (6P + 4E), 16 Threads",16 GB DDR4 RAM,512 GB SSD,"16 inches, 1920 x 1200 pixels",NVIDIA Geforce RTX,Windows 11 OS,1 Year Warranty,16,512.0
Asus Chromebook CX1400FKA-EC0158 Laptop (Celeron N4500/ 4GB/ 64GB eMMC/ Chrome OS),25751,61.75651041666666,Intel Celeron N4500,"Dual Core, 2 Threads",4 GB LPDDR4X RAM,64 GB SSD,"14 inches, 1920 x 1080 pixels, Touch Screen",Intel Integrated UHD,Chrome OS,1 Year Warranty,4,64.0
Asus Chromebook CX1400CKA-EK0257 Laptop (Celeron N4500/ 4GB/ 64GB eMMC/ Chrome OS),14990,61.75651041666666,Intel Celeron N4500,"Dual Core, 2 Threads",4 GB LPDDR4X RAM,64 GB SSD,"14 inches, 1920 x 1080 pixels",Intel Integrated UHD,Chrome OS,1 Year Warranty,4,64.0
Lenovo IdeaPad 1 15IGL7 82V700BSIN Laptop (Celeron N4020/ 8GB/ 256GB SSD/ Win11 Home),26490,61.75651041666666,4th Gen Intel Celeron N4020,"Dual Core, 2 Threads",8 GB DDR4 RAM,256 GB SSD,"15.6 inches, 1366 x 768 pixels",Integrated Intel UHD Graphics 600,Windows 11 OS,1 Year Warranty,8,256.0
Gigabyte G6 KF Gaming Laptop (13th Gen Core i7/ 16 GB RAM/ 512 GB SSD/ Win 11/ 8 GB Graphics),130000,68.0,13th Gen Intel Core i7 13620H,"10 Cores (6P + 4E), 16 Threads",16 GB DDR5 RAM,512 GB SSD,"16 inches, 1920 x 1200 pixels",8 GB NVIDIA GeForce RTX 4060,Windows 11 OS,Backlit Keyboard,16,512.0
HP 15s-eq2132AU Laptop (AMD Ryzen 5 5500U/ 16GB/ 512GB SSD/ Win11 Home),46150,59.0,5th Gen AMD Ryzen 5 5500U,"Hexa Core, 12 Threads",16 GB DDR4 RAM,512 GB SSD,"15.6 inches, 1920 x 1080 pixels",AMD Radeon AMD,Windows 11 OS,1 Year Warranty,16,512.0
Gigabyte G5 KF-E3IN313SH Laptop (12th Gen Core i5/ 8GB/ 512GB SSD/ Win11 Home/ 8GB Graph),86990,69.0,12th Gen Intel Core i5 12500H,"12 Cores (4P + 8E), 16 Threads",8 GB DDR5 RAM,512 GB SSD,"15.6 inches, 1920 x 1080 pixels",8 GB NVIDIA GeForce RTX 4060,Windows 11 OS,2 Year Warranty,8,512.0
Lenovo IdeaPad Flex 5 82Y0004YIN Laptop (13th Gen Core i3/ 8GB/ 512GB SSD/ Win11 Home),59190,55.0,13th Gen Intel Core i3 1315U,"Hexa Core (2P + 4E), 8 Threads",8 GB LPDDR4x RAM,512 GB SSD,"14 inches, 1920 x 1200 pixels, Touch Screen",Intel Integrated UHD Graphics,Windows 11 OS,1 Year Warranty,8,512.0
Lenovo ThinkBook 15 G3 ACL 21A4003KUS Laptop (AMD Ryzen 7 5700U/ 16GB/ 512 GB SSD/ Win11 Home),48990,55.0,5th Gen AMD Ryzen 7  5700U,"Octa Core, 16 Threads",16 GB DDR4 RAM,512 GB SSD,"15.6 inches, 1920 x 1080 pixels",AMD Radeon AMD,Windows 11 OS,1 Year Warranty,16,512.0
Lenovo IdeaPad Slim 5 16IAH8 83BG000PIN Laptop (12th Gen Core i5/ 16GB/ 512GB SSD/ Win11),62190,60.0,12th Gen Intel Core i5 12450H,"Octa Core (4P + 4E), 12 Threads",16 GB LPDDR5 RAM,512 GB SSD,"16 inches, 1920 x 1200 pixels",Intel UHD Graphics,Windows 11 OS,1 Year Warranty,16,512.0
Lenovo IdeaPad Slim 5 82XX007MIN Laptop (AMD Ryzen 7 7730U/ 16GB/ 512GB SSD/ Win11),69190,64.0,7th Gen AMD Ryzen 7 7730U,"Octa Core, 16 Threads",16 GB DDR4 RAM,512 GB SSD,"14 inches, 1920 x 1200 pixels",AMD Integrated SoC,Windows 11 OS,1 Year Warranty,16,512.0
Lenovo IdeaPad Slim 5 14IAH8 83BF000UIN Laptop (12th Gen Core i5/ 16GB/ 512GB SSD/ Win11),59690,56.0,12th Gen Intel Core i5 12450H,"Octa Core (4P + 4E), 12 Threads",16 GB LPDDR5 RAM,512 GB SSD,"14 inches, 1920 x 1080 pixels",Intel UHD Graphics,Windows 11 OS,1 Year Warranty,16,512.0
Acer Predator Helios Neo 16 2023 PHN16-71 Gaming Laptop (13th Gen Core i9/ 16GB/ 1TB SSD/ Win11/ 8GB Graph),179990,73.0,13th Gen Intel Core i9 13900HX,"24 Cores (8P + 16E), 32 Threads",16 GB DDR5 RAM,1 TB SSD,"16 inches, 1920 x 1200 pixels",8 GB NVIDIA GeForce RTX 4070,Windows 11 OS,1 Year Warranty,16,1024.0
Lenovo IdeaPad Slim 5 82XE0072IN Laptop (AMD Ryzen 7 7730U/ 16GB/ 512GB SSD/ Win11),61190,64.0,7th Gen AMD Ryzen 7 7730U,"Octa Core, 16 Threads",16 GB DDR4 RAM,512 GB SSD,"14 inches, 1920 x 1200 pixels",AMD Integrated SoC,Windows 11 OS,1 Year Warranty,16,512.0
Lenovo IdeaPad Slim 3 82XQ008UIN Laptop (AMD Ryzen 5 7520U/ 8GB/ 512GB SSD/ Win11 Home),41290,54.0,7th Gen AMD Ryzen 5 7520U,"Quad Core, 8 Threads",8 GB LPDDR5 RAM,512 GB SSD,"15.6 inches, 1920 x 1080 pixels",AMD Radeon 610M Graphics,Windows 11 OS,1 Year Warranty,8,512.0
Lenovo IdeaPad Slim 3 82XQ0096IN Laptop (AMD Ryzen 5 7520U/ 16GB/ 512GB SSD/ Win11 Home),45990,56.0,7th Gen AMD Ryzen 5 7520U,"Quad Core, 8 Threads",16 GB LPDDR5 RAM,512 GB SSD,"15.6 inches, 1920 x 1080 pixels",AMD Radeon 610M Graphics,Windows 11 OS,1 Year Warranty,16,512.0
Lenovo V15 G3 IAP 82TT004VIH Laptop (12th Gen Core i5/ 8GB/ 512GB SSD/ DOS),43400,52.0,12th Gen Intel Core i5 1235U,"10 Cores (2P + 8E), 12 Threads",8 GB DDR4 RAM,512 GB SSD,"15.6 inches, 1920 x 1080 pixels",Intel Integrated UHD,DOS OS,1 Year Warranty,8,512.0
Asus Vivobook 14X OLED 2023 K3405VCB-KM951WS Laptop (13th Gen Core i9/ 16GB/ 1TB SSD/ Win11/4 GB Graphics),109990,73.0,13th Gen Intel Core i9 13900H,"14 Cores (6P + 8E), 20 Threads",16 GB DDR4 RAM,1 TB SSD,"14 inches, 2880 x 1800 pixels",4 GB NVIDIA Geforce RTX 3050,Windows 11 OS,1 Year Warranty,16,1024.0
Asus Vivobook 16X K3605ZC-MBN541WS Laptop (12th Gen Core i5/ 16 GB RAM/ 512 GB SSD/ Win 11/ 4 GB Graphics),67990,62.0,12th Gen Intel Core i5 12450H,"Octa Core (4P + 4E), 12 Threads",16 GB DDR4 RAM,512 GB SSD,"16 inches, 1920 x 1200 pixels",4 GB NVIDIA GeForce RTX 3050,Windows 11 OS,1 Year Warranty,16,512.0
Asus Vivobook 16X K3605ZC-MBN542WS Laptop (12th Gen Core i5/ 16 GB RAM/ 512 GB SSD/ Win 11/ 4 GB Graphics),67990,61.0,12th Gen Intel Core i5 12450H,"Octa Core (4P + 4E), 12 Threads",16 GB DDR4 RAM,512 GB SSD,"16 inches, 1920 x 1200 pixels",4 GB NVIDIA GeForce RTX 3050,Windows 11 OS,1 Year Warranty,16,512.0
Asus Vivobook 16X K3605ZU-MBN541WS Laptop (12th Gen Core i5/ 16 GB RAM/ 512 GB SSD/ Win 11/ 6GB Graphics),76990,64.0,12th Gen Intel Core i5 12450H,"Octa Core (4P + 4E), 12 Threads",16 GB DDR4 RAM,512 GB SSD,"16 inches, 1920 x 1200 pixels",6 GB NVIDIA Geforce RTX 4050,Windows 11 OS,1 Year Warranty,16,512.0
Asus Vivobook 14X K3405ZF-LY541WS Laptop (12th Gen Core i5/ 16 GB RAM/ 512 GB SSD/ Win 11/ 4 GB Graphics),64990,60.0,12th Gen Intel Core i5 12450H,"Octa Core (4P + 4E), 12 Threads",16 GB DDR4 RAM,512 GB SSD,"14 inches, 1920 x 1200 pixels",4 GB NVIDIA GeForce RTX 2050,Windows 11 OS,1 Year Warranty,16,512.0
MSI Thin GF63 11UC-1291IN Gaming Laptop (11th Gen Core i5/ 16GB/ 512GB SSD/ Win11 Home/ 4GB Graph),62990,68.0,11th Gen Intel Core i5 11400H,"Hexa Core, 12 Threads",16 GB DDR4 RAM,512 GB SSD,"15.6 inches, 1920 x 1080 pixels",4 GB NVIDIA GeForce RTX 3050,Windows 11 OS,2 Year Warranty,16,512.0
MSI Katana 15 B12UDXK-1004IN Gaming Laptop (12th Gen Core i7/ 16GB/ 512GB SSD/ Win11 Home/ 6GB Graph),85990,71.0,12th Gen Intel Core i7 12650H,"10 Cores (6P + 4E), 16 Threads",16 GB DDR5 RAM,512 GB SSD,"15.6 inches, 1920 x 1080 pixels",6 GB NVIDIA GeForce RTX 3050,Windows 11 OS,2 Year Warranty,16,512.0
Asus Vivobook Pro 15 OLED M6500QC-LK541WS Laptop (Ryzen 5 5600H/ 16GB/ 512GB SSD/ Win11/ 4GB Graph),68990,59.0,5th Gen AMD Ryzen 5 5600H,"Hexa Core, 12 Threads",16 GB DDR4 RAM,512 GB SSD,"15.6 inches, 1920 x 1080 pixels",4 GB NVIDIA GeForce RTX 3050 GPU,Windows 11 OS,1 Year Warranty,16,512.0
Acer TMP214-41-G3 UN.VSQSI.006 Notebook (AMD Ryzen 5 5500U/ 8GB/ 512GB SSD/ Win11 Home),29990,55.0,5th Gen AMD Ryzen 5 5500U,"Hexa Core, 12 Threads",8 GB DDR4 RAM,512 GB SSD,"14 inches, 1366 x 768 pixels",AMD Radeon AMD,Windows 11 OS,1 Year Warranty,8,512.0
Asus Vivobook Go 14 2023 E1404FA-NK327WS Laptop (Ryzen 3 7320U / 8GB/ 512GB SSD/ Win11 Home),33990,52.0,7th Gen AMD Ryzen 3 7320U,"Quad Core, 8 Threads",8 GB LPDDR5 RAM,512 GB SSD,"14 inches, 1920 x 1080 pixels",AMD Radeon AMD,Windows 11 OS,1 Year Warranty,8,512.0
HP Victus 15-fa0187TX Gaming Laptop (12th Gen Core i7/ 16GB/ 1TB SSD/ Win11/ 4GB Graph),85990,71.0,12th Gen Intel Core i7 12650H,"10 Cores (6P + 4E), 16 Threads",16 GB DDR4 RAM,1 TB SSD,"15.6 inches, 1920 x 1080 pixels",4 GB NVIDIA GeForce RTX 3050,Windows 11 OS,1 Year Warranty,16,1024.0
Acer TMP214-41-G3 UN.VSQSI.007 Notebook (AMD Ryzen 5 5500U/ 16GB/ 512GB SSD/ Win11 Home),36990,57.0,5th Gen AMD Ryzen 5 5500U,"Hexa Core, 12 Threads",16 GB DDR4 RAM,512 GB SSD,"14 inches, 1366 x 768 pixels",AMD Radeon AMD,Windows 11 OS,1 Year Warranty,16,512.0
Asus VivoBook 15 X1504ZA-NJ326WS Laptop (12th Gen Core i3/ 8GB/ 512GB SSD/ Win11 Home),35990,52.0,12th Gen Intel Core i3 1215U,"Hexa Core (2P + 4E), 8 Threads",8 GB DDR4 RAM,512 GB SSD,"15.6 inches, 1920 x 1080 pixels",Integrated Intel UHD Graphics,Windows 11 OS,1 Year Warranty,8,512.0
HP Victus15-fb0147AX Gaming Laptop (Ryzen 5 5600H/ 8GB/ 512GB SSD/ Win11 Home/ 4GB Graph),48990,57.0,5th Gen AMD Ryzen 5  5600H,"Hexa Core, 12 Threads",8 GB DDR4 RAM,512 GB SSD,"15.6 inches, 1920 x 1080 pixels",4 GB AMD Radeon AMD Radeon RX 6500M,Windows 11 OS,1 Year Warranty,8,512.0
Dell Vostro 3520 Laptop (11th Gen Core i3/ 8GB/ 512GB SSD/ Win11),33990,54.0,11th Gen Intel Core i3 1115G4,"Dual Core, 4 Threads",8 GB DDR4 RAM,512 GB SSD,"15.6 inches, 1920 x 1080 pixels",Intel UHD Graphics,Windows 11 OS,1 Year Warranty,8,512.0
Dell Inspiron 5430 IN54308DXWP001ORS1 Laptop (13th Gen Core i7/ 16GB/ 1TB SSD/ Win11),81990,54.0,13th Gen Intel Core i7 1355U,"10 Cores (2P + 8E), 12 Threads",16 GB LPDDR5  RAM,1 TB SSD,"14 inches, 1920 x 1080 pixels",Intel Iris Xe Graphics,Windows 11 OS,1 Year Warranty,16,1024.0
Lenovo IdeaPad 3 82KU024JIN Laptop (AMD Ryzen 7 5700U/ 16GB/ 512GB SSD/ Win11 Home),48990,60.0,5th Gen AMD Ryzen 7 5700U,"Octa Core, 16 Threads",16 GB DDR4 RAM,512 GB SSD,"15.6 inches, 1920 x 1080 pixels",AMD Radeon AMD,Windows 11 OS,1 Year Warranty,16,512.0
HP Victus 15-fb1018AX Gaming Laptop (AMD Ryzen 5 7535HS/ 8GB/ 512GB SSD/ Win11/ 4GB Graph),54990,61.0,7th Gen Amd Ryzen 5 7535HS,"Hexa Core, 12 Threads",8 GB DDR5 RAM,512 GB SSD,"15.6 inches, 1920 x 1080 pixels",4 GB NVIDIA GeForce RTX 2050,Windows 11 OS,1 Year Warranty,8,512.0
Asus TUF Gaming F15 FX506HF-HN076W Gaming Laptop (11th Gen Core i5/ 16GB/ 512GB SSD/ Win11/ 4GB Graph),52990,64.0,11th Gen Intel Core i5 11260H,"Hexa Core, 12 Threads",16 GB DDR4 RAM,512 GB SSD,"15.6 inches, 1920 x 1080 pixels",4 GB NVIDIA GeForce RTX 2050,Windows 11 OS,1 Year Warranty,16,512.0
HP 15S-EQ1550AU Laptop (AMD Ryzen 3 3250U/ 8 GB RAM/ 512 GB SSD/ Win 11),34000,61.75651041666666,3rd Gen AMD Ryzen 3  3250U,"Dual Core, 4 Threads",8 GB DDR4 RAM,512 GB SSD,"15.6 inches, 1920 x 1080 pixels",AMD Radeon Graphics,Windows 11 OS,1 Year Warranty,8,512.0
HP Omen 16-wf0056TX 834U0PA Gaming Laptop (13th Gen Core i7/ 16 GB RAM/ 512 GB SSD/ Win 11/ 8 GB Graphics),153490,65.0,13th Gen Intel Core i7 13700HX,"16 Cores (8P + 8E), 24 Threads",16 GB DDR5 RAM,512 GB SSD,"16.1 inches, 1920 x 1080 pixels",8 GB NVIDIA GeForce RTX 4060,Windows 11 OS,1 Year Warranty,16,512.0
Asus Vivobook Pro 15 M6500QF-HN541WS Creator Laptop (AMD Ryzen 5 5600H/ 16 GB RAM/ 512 GB SSD/ Win 11/ 4 GB Graphics),57400,59.0,5th Gen AMD Ryzen 5  5600H,"Hexa Core, 12 Threads",16 GB DDR4 RAM,512 GB SSD,"15.6 inches, 1920 x 1080 pixels",4 GB NVIDIA GeForce GTX 2050,Windows 11 OS,1 Year Warranty,16,512.0
Asus Vivobook Go 14 2023 E1404FA-NK325WS Laptop (Ryzen 3 7320U / 8GB/ 512GB SSD/ Win11 Home),33990,52.0,7th Gen AMD Ryzen 3 7320U,"Quad Core, 8 Threads",8 GB LPDDR5 RAM,512 GB SSD,"14 inches, 1920 x 1080 pixels",AMD Radeon AMD,Windows 11 OS,1 Year Warranty,8,512.0
Lenovo IdeaPad Slim 5 14IAH8 83BF0045IN Laptop (12th Gen Core i5/ 16GB/ 1TB SSD/ Win11),62990,56.0,12th Gen Intel Core i5 12450H,"Octa Core (4P + 4E), 12 Threads",16 GB LPDDR5 RAM,1 TB SSD,"14 inches, 1920 x 1200 pixels",Intel Graphics,Windows 11 OS,1 Year Warranty,16,1024.0
MSI Modern 14 C12M-459IN Laptop (12th Gen Core i7/ 16GB/ 512GB SSD/ Win11 Home),54010,56.0,12th Gen Intel Core i7 1255U,"10 Cores (2P + 8E), 12 Threads",16 GB DDR4 RAM,512 GB SSD,"14 inches, 1920 x 1080 pixels",Intel Integrated Iris Xe,Windows 11 OS,1 Year Warranty,16,512.0
Wings Nuvobook S1 Laptop (11th Gen Core i3/ 8GB/ 256GB SSD/ Win11),23990,61.75651041666666,11th Gen Intel Core i3 1125G4,"Quad Core, 8 Threads",8 GB LPDDR4 RAM,256 GB SSD,"15.6 inches, 1080 x 1920 pixels",Intel Graphics,Windows 11 OS,1 Year Warranty,8,256.0
Wings Nuvobook S2 Laptop (11th Gen Core i3/ 8GB/ 512GB SSD/ Win11),24990,61.75651041666666,11th Gen Intel Core i3 1125G4,"Quad Core, 8 Threads",8 GB LPDDR4 RAM,512 GB SSD,"15.6 inches, 1080 x 1920 pixels",Intel Graphics,Windows 11 OS,1 Year Warranty,8,512.0
Wings Nuvobook Pro Laptop (11th Gen Core i7/ 16GB/ 512GB SSD/ Win11),59990,54.0,11th Gen Intel Core i7 1165G7,"Quad Core, 8 Threads",16 GB LPDDR4 RAM,512 GB SSD,"14 inches, 1080 x 1920 pixels",Intel Graphics,Windows 11 OS,1 Year Warranty,16,512.0
Lenovo IdeaPad Slim 5 16IRL8 82XF003GIN Laptop (13th Gen Core i5/ 16GB/ 512GB SSD/ Win11),70190,55.0,13th Gen Intel Core i5 13500H,"12 Cores (4P + 8E), 16 Threads",16 GB LPDDR5 RAM,512 GB SSD,"16 inches, 1920 x 1200 pixels",Intel Integrated Iris Xe,Windows 11 OS,1 Year Warranty,16,512.0
Lenovo IdeaPad 3 15ITL6 82H803GSIN Laptop (11th Gen Core i3/ 8GB/ 512GB SSD/ Win11 Home),34990,56.0,11th Gen Intel Core i3 1115G4,"Dual Core, 4 Threads",8 GB DDR4 RAM,512 GB SSD,"15.6 inches, 1920 x 1080 pixels",Intel Integrated UHD,Windows 11 OS,1 Year Warranty,8,512.0
MSI Stealth 16 Mercedes AMG A13VG-264IN Gaming Laptop (13th Gen Core i9/ 32GB/ 2TB SSD/ Win11/ 8GB Graph),278490,61.75651041666666,13th Gen Intel Core i9 13900H,"14 Cores (6P + 8E), 20 Threads",32 GB DDR5 RAM,2 TB SSD,"16 inches, 3840 x 2400 pixels",8 GB NVIDIA GeForce RTX 4070,Windows 11 OS,2 Year Warranty,32,1024.0
Ultimus Elite NU14U3INF56BN-CS Laptop (10th Gen Core i5 / 8GB/ 512GB SSD/ Win11 Home),29990,50.0,10th Gen Intel Core i5 1035G4,"Quad Core, 8 Threads",8 GB DDR4 RAM,512 GB SSD,"14.1 inches, 1920 x 1080 pixels",Intel Integrated Iris,Windows 11 OS,1 Year Warranty,8,512.0
Acer Aspire 3 Spin 14 NX.KENSI.002 Laptop (Intel Core i3 N305/ 8GB/ 512GB SSD/ Win11 Home),39990,61.75651041666666,Intel Core i3 N305,"Octa Core, 8 Threads",8 GB DDR4 RAM,512 GB SSD,"14 inches, 1920 x 1200 pixels",Intel UHD Graphics,Windows 11 OS,1 Year Warranty,8,512.0
MSI Stealth 16 Mercedes AMG A13VF-265IN Gaming Laptop (13th Gen Core i9/ 32GB/ 1TB SSD/ Win11/ 8GB Graph),219990,61.75651041666666,13th Gen Intel Core i9 13900H,"14 Cores (6P + 8E), 20 Threads",32 GB DDR5 RAM,1 TB SSD,"16 inches, 3840 x 2400 pixels",8 GB NVIDIA GeForce RTX 4060,Windows 11 OS,2 Year Warranty,32,1024.0
MSI Thin GF63 11UCX-1492IN Gaming Laptop (11th Gen Core i5/ 16GB/ 1TB 256GB SSD/ Win11 Home/ 4GB Graph),56990,69.0,11th Gen Intel Core i5 11260H,"Hexa Core, 12 Threads",16 GB DDR4 RAM,1 TB Hard Disk,4 GB NVIDIA GeForce RTX 2050 ,256 GB SSD,"15.6 inches, 1920 x 1080 pixels",Windows 11 OS,16,1024.0
MSI Thin GF63 11UCX-1491IN Gaming Laptop (11th Gen Core i5/ 16GB/ 1TB 512GB SSD/ Win11 Home/ 4GB Graph),61990,71.0,11th Gen Intel Core i5 11260H,"Hexa Core, 12 Threads",16 GB DDR4 RAM,1 TB Hard Disk,4 GB NVIDIA GeForce RTX 2050 ,512 GB SSD,"15.6 inches, 1920 x 1080 pixels",Windows 11 OS,16,1024.0
Infinix INBook X3 Slim XL422 Laptop (12th Gen Core i5/ 16GB/ 512GB SSD/ Win 11 Home),36990,51.0,12th Gen Intel Core i5 1235U,"10 Cores (2P + 8E), 12 Threads",16 GB LPDDR4X RAM,512 GB SSD,"14 inches, 1920 x 1080 pixels",Intel Integrated Iris Xe,Windows 11 OS,1 Year Warranty,16,512.0
Lenovo IdeaPad Slim 5 82XD003NIN Laptop (13th Gen Core i5/ 16GB/ 512GB SSD/ Win11),67190,56.0,13th Gen Intel Core i5 13420H,"Octa Core (4P + 4E), 12 Threads",16 GB  LPDDR5 RAM,512 GB SSD,"14 inches, 1920 x 1200 pixels",Integrated Intel Iris Xe Graphics,Windows 11 OS,2 Year Warranty,16,512.0
Infinix INBook X3 Slim Series XL422 Laptop (12th Gen Core i7/ 16GB/ 512GB SSD/ Win 11 Home),43990,52.0,12th Gen Intel Core i7 1255U,"10 Cores (2P + 8E), 12 Threads",16 GB LPDDR4X RAM,512 GB SSD,"14 inches, 1920 x 1080 pixels",Intel Integrated Iris Xe,Windows 11 OS,1 Year Warranty,16,512.0
Lenovo IdeaPad Slim 5i 82XD0040IN Laptop (13th Gen Core i7/ 16GB/ 512GB SSD/ Win11),85190,56.0,13th Gen Intel Core i7 13620H,"10 Cores (6P + 4E), 16 Threads",16 GB LPDDR5 RAM,512 GB SSD,"14 inches, 1920 x 1200 pixels",Intel Integrated UHD,Windows 11 OS,1 Year Warranty,16,512.0
Lenovo IdeaPad Slim 5 16IRL8 82XF003JIN Laptop (13th Gen Core i7/ 16GB/ 512GB SSD/ Win11),84190,59.0,13th Gen Intel Core i7 13700H,"14 Cores (6P + 8E), 20 Threads",16 GB  LPDDR5 RAM,512 GB SSD,"16 inches, 1920 x 1080 pixels",Integrated Intel Iris Xe Graphics,Windows 11 OS,1 Year Warranty,16,512.0
Lenovo V15 82KB00RJIH Laptop (11th Gen Core i5/ 16GB/ 512GB SSD/ Win11 Home),48990,61.0,11th Gen Intel Core i5 1135G7,"Quad Core, 8 Threads",16 GB DDR4 RAM,512 GB SSD,"15.6 inches, 1920 x 1080 pixels",Intel Integrated Iris Xe,Windows 11 OS,1 Year Warranty,16,512.0
Dell Inspiron 3520 Laptop (11th Gen Core i3/ 8GB/ 512GB SSD/ Win11),36500,54.0,11th Gen Intel Core i3 1115G4,"Dual Core, 4 Threads",8 GB DDR4 RAM,512 GB SSD,"15.6 inches, 1920 x 1080 pixels",Intel UHD Graphics,Windows 11 OS,1 Year Warranty,8,512.0
Dell Inspiron 3530 2023 Laptop (13th Gen Core i3/ 8GB/ 1TB SSD/ Win11 Home),51000,52.0,13th Gen Intel Core i3 1305U,"5 Cores (1P + 4E), 6 Threads",8 GB DDR4 RAM,1 TB SSD,"15.6 inches, 1920 x 1080 pixels",Intel Integrated UHD,Windows 11 OS,1 Year Warranty,8,1024.0
Dell Inspiron 7430 2 in 1 Touch Laptop (13th Gen Core i5/ 16GB/ 1TB SSD/ Win11),82990,59.0,13th Gen Intel Core i5 1335U,"10 Cores (2P + 8E), 12 Threads",16 GB LPDDR5 RAM,1 TB SSD,"14 inches, 1920 x 1200 pixels, Touch Screen",Intel Iris Xe Graphics,Windows 11 OS,1 Year Warranty,16,1024.0
Dell Vostro 3430 Laptop (13th Gen Core i3/ 8GB/ 512GB SSD/ Win11),38490,52.0,13th Gen Intel Core i3 1305U,"5 Cores (1P + 4E), 6 Threads",8 GB DDR4 RAM,512 GB SSD,"14 inches, 1920 x 1080 pixels",Intel UHD Graphics,Windows 11 OS,1 Year Warranty,8,512.0
Dell Inspiron 13 5330 Laptop (13th Gen Core i7/ 16GB/ 1TB SSD/ Win11),105999,62.0,13th Gen Intel Core i7 1360P,"12 Cores (4P + 8E), 16 Threads",16 GB LPDDR5  RAM,1 TB SSD,"13.3 inches, 2560 x 1600 pixels",Intel Iris Xe Graphics,Windows 11 OS,1 Year Warranty,16,1024.0
Dell Inspiron 7430 2023 2 in 1 Laptop (13th Gen Core i5/ 8GB/ 1TB SSD/ Win11),69990,56.0,13th Gen Intel Core i5 1335U,"10 Cores (2P + 8E), 12 Threads",8 GB LPDDR5 RAM,1 TB SSD,"14 inches, 1920 x 1200 pixels, Touch Screen",Intel Iris Xe Graphics,Windows 11 OS,1 Year Warranty,8,1024.0
Dell Vostro 3430 VN3430RHXFG001ORB1 Laptop (13th Gen Core i5/ 8GB/ 512GB SSD/ Win11 Pro),56990,59.0,13th Gen Intel Core i5 1335U,"10 Cores (2P + 8E), 12 Threads",8 GB DDR4 RAM,512 GB SSD,"14 inches, 1920 x 1080 pixels",Intel Iris Xe Graphics,Windows 11 OS,1 Year Warranty,8,512.0
Dell Inspiron 3535 2023 Laptop (AMD Ryzen R5-7520U/ 8GB/ 1TB SSD/ Win11),44990,52.0,7th Gen Amd Ryzen 5 7520U,"Quad Core, 8 Threads",8 GB LPDDR5 RAM,1 TB SSD,"15.6 inches, 1920 x 1080 pixels",AMD Radeon Graphics,Windows 11 OS,1 Year Warranty,8,1024.0
Dell Inspiron 5330 2023 Laptop (13th Gen Core i5/ 16GB/ 1TB SSD/ Win11),87490,60.0,13th Gen Intel Core i5 1340P,"12 Cores (4P + 8E), 16 Threads",16 GB LPDDR5  RAM,1 TB SSD,"13.3 inches, 2560 x 1600 pixels",Intel Iris Xe Graphics,Windows 11 OS,1 Year Warranty,16,1024.0
HP Victus 15-FB0142AX Gaming Laptop (AMD Ryzen 5 5600H/ 16GB/ 512GB SSD/ Win11/ 4GB Graph),68999,68.0,5th Gen AMD Ryzen 5 5600H,"Hexa Core, 12 Threads",16 GB DDR4 RAM,512 GB SSD,"15.6 inches, 1920 x 1080 pixels",4 GB NVIDIA GeForce RTX 3050,Windows 11 OS,1 Year Warranty,16,512.0
HP Pavilion 15-eg3017TU Laptop (13th Gen Core i5/ 16GB/ 1TB SSD/ Win11 Home),70490,59.0,13th Gen Intel Core i5 1335U,"10 Cores (2P + 8E), 12 Threads",16 GB DDR4 RAM,1 TB SSD,"15.6 inches, 1920 x 1080 pixels",Intel Integrated Intel Iris Xe Graphics,Windows 11 OS,1 Year Warranty,16,1024.0
MSI Katana 17 B12VFK-673IN Gaming Laptop (12th Gen Core i7/ 16GB/ 1TB SSD/ Win11 Home/ 8GB Graph),110990,74.0,12th Gen Intel Core i7 12650H,"10 Cores (6P + 4E), 16 Threads",16 GB DDR5 RAM,1 TB SSD,"17.3 inches, 1920 x 1080 pixels",8 GB NVIDIA GeForce RTX 4060,Windows 11 OS,2 Year Warranty,16,1024.0
MSI Thin GF63 11UCX-1496IN Gaming Laptop (11th Gen Core i5/ 16GB/ 512GB SSD/ Win11 Home/ 4GB Graph),50990,66.0,11th Gen Intel Core i5 11260H,"Hexa Core, 12 Threads",16 GB DDR4 RAM,512 GB SSD,"15.6 inches, 1920 x 1080 pixels",4 GB NVIDIA GeForce RTX 2050,Windows 11 OS,2 Year Warranty,16,512.0
MSI Katana 17 B12VFK-668IN Gaming Laptop (12th Gen Core i7/ 8GB/ 1TB SSD/ Win11 Home/ 8GB Graph),107990,72.0,12th Gen Intel Core i7 12650H,"10 Cores (6P + 4E), 16 Threads",8 GB DDR5 RAM,1 TB SSD,"17.3 inches, 1920 x 1080 pixels",8 GB NVIDIA GeForce RTX 4060,Windows 11 OS,2 Year Warranty,8,1024.0
MSI Thin GF63 11SC-1493IN Gaming Laptop (11th Gen Core i5/ 16GB/ 512GB SSD/ Win11 Home/ 4GB Graph),45990,64.0,11th Gen Intel Core i5 11260H,"Hexa Core, 12 Threads",16 GB DDR4 RAM,512 GB SSD,"15.6 inches, 1920 x 1080 pixels",4 GB NVIDIA GeForce GTX 1650,Windows 11 OS,2 Year Warranty,16,512.0
MSI Thin GF63 12VF-663IN Gaming Laptop (12th Gen Core i7/ 16GB/ 512GB SSD/ Win11/ 8GB Graph),97990,73.0,12th Gen Intel Core i7 12650H,"10 Cores (6P + 4E), 16 Threads",16 GB DDR4 RAM,512 GB SSD,"15.6 inches, 1920 x 1080 pixels",8 GB NVIDIA GeForce RTX 4060,Windows 11 OS,2 Year Warranty,16,512.0
MSI Thin GF63 11UCX-1497IN Gaming Laptop (11th Gen Core i5/ 8GB/ 512GB SSD/ Win11 Home/ 4GB Graph),47990,64.0,11th Gen Intel Core i5 11260H,"Hexa Core, 12 Threads",8 GB DDR4 RAM,512 GB SSD,"15.6 inches, 1920 x 1080 pixels",4 GB NVIDIA GeForce RTX 2050,Windows 11 OS,2 Year Warranty,8,512.0
MSI Thin GF63 12VE-664IN Gaming Laptop (12th Gen Core i7/ 16GB/ 1TB SSD/ Win11/ 6GB Graph),90990,72.0,12th Gen Intel Core i7 12650H,"10 Cores (6P + 4E), 16 Threads",16 GB DDR4 RAM,1 TB SSD,"15.6 inches, 1920 x 1080 pixels",6 GB NVIDIA GeForce RTX 4050,Windows 11 OS,1 Year Warranty,16,1024.0
MSI Pulse 17 B13VGK-652IN Gaming Laptop (13th Gen Core i9/ 16GB/ 1TB SSD/ Win11 Home/ 8GB Graph),183990,79.0,13th Gen Intel Core i9 13900H,"14 Cores (6P + 8E), 20 Threads",16 GB DDR5 RAM,1 TB SSD,"17.3 inches, 1920 x 1080 pixels",8 GB NVIDIA GeForce RTX 4070,Windows 11 OS,2 Year Warranty,16,1024.0
MSI Katana 17 B12VGK-672IN Gaming Laptop (12th Gen Core i7/ 16GB/ 1TB SSD/ Win11 Home/ 8GB Graph),134990,75.0,12th Gen Intel Core i7 12650H,"10 Cores (6P + 4E), 16 Threads",16 GB DDR5 RAM,1 TB SSD,"17.3 inches, 1920 x 1080 pixels",8 GB NVIDIA GeForce RTX 4070,Windows 11 OS,2 Year Warranty,16,1024.0
MSI Pulse 17 B13VGK-666IN Gaming Laptop (13th Gen Core i7/ 8GB/ 1TB SSD/ Win11 Home/ 8GB Graph),128990,71.0,13th Gen Intel Core i7 13700H,"14 Cores (6P + 8E), 20 Threads",8 GB DDR5 RAM,1 TB SSD,"17.3 inches, 2560 x 1440 pixels",8 GB NVIDIA GeForce RTX 4060,Windows 11 OS,2 Year Warranty,8,1024.0
HP Victus 16-s0089AX Gaming Laptop (AMD Ryzen 7 7840HS/ 16GB/ 1TB SSD/ Win11/ 4GB Graph),81990,72.0,7th Gen AMD Ryzen 7 7840HS,"Octa Core, 16 Threads",16 GB DDR5 RAM,1 TB SSD,"16.1 inches, 1920 x 1080 pixels",4 GB NVIDIA GeForce RTX 3050,Windows 11 OS,1 Year Warranty,16,1024.0
HP Omen 16-u0023TX Gaming Laptop (13th Gen Core i9/ 32GB/ 1TB SSD/ Win11 Home/ 8GB Graph),237990,61.75651041666666,13th Gen Intel Core i9 13900HX,"24 Cores (8P + 16E), 32 Threads",32 GB DDR5 RAM,1 TB SSD,"16.1 inches, 2560 x 1600 pixels",8 GB NVIDIA GeForce RTX 4070,Windows 11 OS,1 Year Warranty,32,1024.0
HP Victus 15-fa1064TX Gaming Laptop (13th Gen Core i7/ 16GB/ 512GB SSD/ Win11 Home/ 6GB Graph),109490,68.0,13th Gen Intel Core i7 13700H,"14 Cores (6P + 8E), 20 Threads",16 GB DDR4 RAM,512 GB SSD,"15.6 inches, 1920 x 1080 pixels",6 GB NVIDIA GeForce RTX 4050,Windows 11 OS,1 Year Warranty,16,512.0
HP Victus  15-fa1060TX  Gaming Laptop (13th Gen Core i5/ 16GB/ 512GB SSD/ Win11 Home/ 6GB Graph),99990,66.0,13th Gen Intel Core i5 13500H,"12 Cores (4P + 8E), 16 Threads",16 GB DDR4 RAM,512 GB SSD,"15.6 inches, 1920 x 1080 pixels",6 GB NVIDIA GeForce RTX 4050,Windows 11 OS,1 Year Warranty,16,512.0
HP Victus 15-fb0153AX Gaming Laptop (AMD Ryzen 5 5600H/ 8GB/ 512GB SSD/ Win11/ 4GB Graph),50990,64.0,5th Gen AMD Ryzen 5  5600H ,"Hexa Core, 12 Threads",8 GB DDR4 RAM,512 GB SSD,"15.6 inches, 1920 x 1080 pixels",4 GB AMD Radeon RX 6500M,Windows 11 OS,1 Year Warranty,8,512.0
Lenovo IdeaPad Slim 5 82XE004RIN Laptop (AMD Ryzen 5 7530U/ 16GB/ 512GB SSD/ Win11),56190,61.0,7th Gen AMD Ryzen 5 7530U,"Hexa Core, 12 Threads",16 GB DDR4 RAM,512 GB SSD,"14 inches, 1920 x 1200 pixels",AMD Integrated SoC,Windows 11 OS,1 Year Warranty,16,512.0
Asus VivoBook 14 2023 X1404ZA-NK321WS Laptop (12th Gen Core i3/ 8GB/ 512GB SSD/ Win11 Home),35990,54.0,12th Gen Intel Core i3 1215U,"Hexa Core (2P + 4E), 8 Threads",8 GB DDR4 RAM,512 GB SSD,"14 inches, 1920 x 1080 pixels",Intel UHD Graphics,Windows 11 OS,1 Year Warranty,8,512.0
Asus Vivobook 15 X1504ZA-NJ325WS Laptop (12th Gen Core i3/ 8GB/ 512GB SSD/ Win11),35990,52.0,12th Gen Intel Core i3 1215U,"Hexa Core (2P + 4E), 8 Threads",8 GB DDR4 RAM,512 GB SSD,"15.6 inches, 1920 x 1080 pixels",Integrated Intel UHD Graphics,Windows 11 OS,1 Year Warranty,8,512.0
HP Dragonfly G4 Laptop (13th Gen Core i7/ 16GB/ 512GB SSD/ Win11),231746,69.0,13th Gen Intel Core i7 1365U,"10 Cores (2P + 8E), 12 Threads",16 GB LPDDR5 RAM,512 GB SSD,"13.5 inches, 1920 x 1280 pixels, Touch Screen",Intel Iris Xe Graphics,Windows 11 OS,1 Year Warranty,16,512.0
Chuwi CoreBook X Pro Laptop (10th Gen Core i5/ 16GB/ 512GB SSD/ Win11),32999,50.0,10th Gen Intel Core i5 10210U,"Quad Core, 8 Threads",16 GB LPDDR4 RAM,512 GB SSD,"15.6 inches, 1920 x 1080 pixels",Intel UHD Graphics,Windows 11 OS,1 Year Warranty,16,512.0
HP Envy x360 13-bf0141tu Laptop (12th Gen Core i7/ 16GB/ 512GB SSD/ Win11),101990,63.0,12th Gen Intel Core i7 1250U,"10 Cores (2P + 8E), 12 Threads",16 GB LPDDR4X RAM,512 GB SSD,"13.3 inches, 2880 x 1800 pixels, Touch Screen",Intel Integrated Iris Xe,Windows 11 OS,1 Year Warranty,16,512.0
Lenovo IdeaPad Slim 3 82XQ008VIN Laptop (AMD Ryzen 5 7520U/ 16GB/ 512GB SSD/ Win11),43990,55.0,7th Gen AMD Ryzen 5 7520U,"Quad Core, 8 Threads",16 GB  LPDDR5 RAM,512 GB SSD,"15.6 inches, 1920 x 1080 pixels",AMD Integrated SoC,Windows 11 OS,1 Year Warranty,16,512.0
HP Omen 16-wd0770TX Gaming Laptop (13th Gen Core i5/ 16GB/ 512GB SSD/ Win11 Home/ 6GB Graph),90990,68.0,13th Gen Intel Core i5 13420H,"Octa Core (4P + 4E), 12 Threads",16 GB DDR5 RAM,512 GB SSD,"16.1 inches, 1920 x 1080 pixels",6 GB NVIDIA GeForce RTX 4050,Windows 11 OS,1 Year Warranty,16,512.0
Lenovo IdeaPad Slim 5i 82XF003CIN Laptop (13th Gen Core i5/ 16GB/ 512GB SSD/ Win11),69000,56.0,13th Gen Intel Core i5 13500H,"12 Cores (4P + 8E), 16 Threads",16 GB  LPDDR5 RAM,512 GB SSD,"16 inches, 1920 x 1200 pixels",Integrated Intel Iris Xe Graphics,Windows 11 OS,1 Year Warranty,16,512.0
Asus Vivobook 16X 2023 K3605ZC-MBN741WS Laptop (12th Gen Core i7/ 16GB/ 512GB SSD/ Win11 Home/ 4GB Graph),77990,68.0,12th Gen Intel Core i7 12650H,"10 Cores (6P + 4E), 16 Threads",16 GB DDR4 RAM,512 GB SSD,"16 inches, 1920 x 1200 pixels",4 GB NVIDIA GeForce RTX 3050,Windows 11 OS,1 Year Warranty,16,512.0
Acer Predator 16 NH.QLUSI.005 Laptop (13th Gen Core i9/ 16GB/ 1TB SSD/ Win11/ 8GB Graph),159990,74.0,13th Gen Intel Core i9 13900HX,"24 Cores (8P + 16E), 32 Threads",16 GB DDR5 RAM,1 TB SSD,"16 inches, 2560 x 1600 pixels",8 GB NVIDIA GeForce RTX 4060,Windows 11 OS,1 Year Warranty,16,1024.0
Asus Vivobook Pro 15 M6500QFB-LK541WS Laptop (AMD Ryzen 5 5600H/ 16GB/ 512GB SSD/ Win11/ 4GB Graph),59990,62.0,5th Gen AMD Ryzen 5  5600H,"Hexa Core, 12 Threads",16 GB DDR4 RAM,512 GB SSD,"15.6 inches, 1920 x 1080 pixels",4 GB NVIDIA GeForce RTX 2050,Windows 11 OS,1 Year Warranty,16,512.0
Dell Inspiron 3520 IN3520KTMFJ001ORS1 Laptop (11th Gen Core i3/ 8GB/ 512GB SSD/ Win11),35490,54.0,11th Gen Intel Core i3 1115G4,"Dual Core, 4 Threads",8 GB DDR4 RAM,512 GB SSD,"15.6 inches, 1920 x 1080 pixels",Intel UHD Graphics,Windows 11 OS,1 Year Warranty,8,512.0
HP Victus 15-fb0134AX Gaming Laptop (AMD Ryzen 5 5600H/ 16GB/ 512GB SSD/ Win11/ 4GB Graph),54559,65.0,5th Gen AMD Ryzen 5 5600H,"Hexa Core, 12 Threads",16 GB DDR4 RAM,512 GB SSD,"15.6 inches, 1920 x 1080 pixels",4 GB AMD Radeon RX 6500M Graphics,Windows 11 OS,1 Year Warranty,16,512.0
Asus Vivobook Pro 15 M6500QFB-LK742WS Laptop (Ryzen 7 5800H/ 16GB/ 512GB SSD/ Win11/ 4GB Graph),66990,68.0,5th Gen AMD Ryzen 7 5800H,"Octa Core, 16 Threads",16 GB DDR4 RAM,512 GB SSD,"15.6 inches, 1920 x 1080 pixels",4 GB NVIDIA GeForce RTX 2050,Windows 11 OS,1 Year Warranty,16,512.0
MSI Prestige 16 A13UCX-250IN Laptop (13th Gen Core i7/ 16GB/ 1TB SSD/ Win11/ 4GB Graphic),119990,69.0,13th Gen Intel Core i7 13700H,"14 Cores (6P + 8E), 20 Threads",16 GB LPDDR5 RAM,1 TB SSD,"16 inches, 2560 x 1600 pixels",4 GB NVIDIA GeForce RTX 2050,Windows 11 OS,2 Year Warranty,16,1024.0
HP Victus 15-fa0188TX Gaming Laptop (12th Gen Core i7/ 16GB/ 512GB SSD/ Win11/ 4GB Graph),79990,70.0,12th Gen Intel Core i7 12650H,"10 Cores (6P + 4E), 16 Threads",16 GB DDR4 RAM,512 GB SSD,"15.6 inches, 1920 x 1080 pixels",4 GB NVIDIA GeForce RTX 3050,Windows 11 OS,1 Year Warranty,16,512.0
Lenovo IdeaPad Slim 5 82XD003PIN Laptop (13th Gen Core i5/ 16GB/ 512GB SSD/ Win11),67990,56.0,13th Gen Intel Core i5 13420H,"Octa Core (4P + 4E), 12 Threads",16 GB  LPDDR5 RAM,512 GB SSD,"14 inches, 1920 x 1200 pixels",Integrated Intel Iris Xe Graphics,Windows 11 OS,2 Year Warranty,16,512.0
Lenovo LOQ 15IRH8 82XV00F7IN 2023 Gaming Laptop (12th Gen Core i5/ 16GB/ 512GB SSD/ Win11/ 8GB Graph),90990,68.0,12th Gen Intel Core i5 12450H,"Octa Core (4P + 4E), 12 Threads",16 GB DDR5 RAM,512 GB SSD,"15.6 inches, 1920 x 1080 pixels",8 GB NVIDIA GeForce RTX 4060,Windows 11 OS,1 Year Warranty,16,512.0
HP Pavilion x360 14-ek1074TU Laptop (13th Gen Core i5/ 16GB/ 512GB SSD/ Win11),71990,63.0,13th Gen Intel Core i5 1335U,"10 Cores (2P + 8E), 12 Threads",16 GB DDR4 RAM,512 GB SSD,"14 inches, 1920 x 1080 pixels, Touch Screen",Intel Integrated Iris Xe,Windows 11 OS,1 Year Warranty,16,512.0
Lenovo LOQ 15IRH8 82XV00F6IN 2023 Gaming Laptop (12th Gen Core i5/ 16GB/ 512GB SSD/ Win11/ 6GB Graph),85990,66.0,12th Gen Intel Core i5 12450H,"Octa Core (4P + 4E), 12 Threads",16 GB DDR5 RAM,512 GB SSD,"15.6 inches, 1920 x 1080 pixels",6 GB NVIDIA GeForce RTX 4050,Windows 11 OS,1 Year Warranty,16,512.0
Lenovo LOQ 15IRH8 82XV00F5IN 2023 Gaming Laptop (12th Gen Core i5/ 16GB/ 512GB SSD/ Win11/ 6GB Graph),79990,66.0,12th Gen Intel Core i5 12450H,"Octa Core (4P + 4E), 12 Threads",16 GB DDR5 RAM,512 GB SSD,"15.6 inches, 1920 x 1080 pixels",6 GB NVIDIA GeForce RTX 3050,Windows 11 OS,1 Year Warranty,16,512.0
HP 15s-fr2515TU Laptop (11th Gen Core i3/ 8GB/ 512GB SSD/ Win11),36790,55.0,11th Gen Intel Core i3 1115G4,"Dual Core, 4 Threads",8 GB DDR4 RAM,512 GB SSD,"15.6 inches, 1920 x 1080 pixels",Intel UHD Graphics,Windows 11 OS,1 Year Warranty,8,512.0
Lenovo LOQ 15APH8 82XT004JIN 2023 Gaming Laptop (AMD Ryzen 7 7840HS/ 16GB/ 512GB SSD/ Win11/ 6GB Graph),92990,70.0,7th Gen AMD Ryzen 7 7840HS,"Octa Core, 16 Threads",16 GB DDR5 RAM,512 GB SSD,"15.6 inches, 1920 x 1080 pixels",6 GB NVIDIA GeForce RTX 4050,Windows 11 OS,1 Year Warranty,16,512.0
MSI Vector GP68HX 13VH-072IN Gaming Laptop (13th Gen Core i9/ 32GB/ 1TB SSD/ Win11/ 12GB Graph),284990,61.75651041666666,13th Gen Intel Core i9 13980HX,"24 Cores (8P + 16E), 32 Threads",32 GB DDR5 RAM,1 TB SSD,"16 inches, 2560 x 1600 pixels",12 GB NVIDIA GeForce RTX 4080,Windows 11 OS,2 Year Warranty,32,1024.0
Asus Vivobook 15 X1502ZA-EJ545WS Laptop (12th Gen Core i5/ 16GB/ 512GB SSD/ Win11),51990,59.0,12th Gen Intel Core i5 1235U,"10 Cores (2P + 8E), 12 Threads",16 GB DDR4 RAM,512 GB SSD,"15.6 inches, 1920 x 1080 pixels",Intel Iris Xe,Windows 11 OS,1 Year Warranty,16,512.0
Lenovo LOQ 15IRH8 82XV00BQIN 2023 Gaming Laptop (13th Gen Core i7/ 16GB/ 512GB SSD/ Win11/ 6GB Graph),100190,63.0,13th Gen Intel Core i7 13620H,"10 Cores (6P + 4E), 16 Threads",16 GB DDR5 RAM,512 GB SSD,"15.6 inches, 1920 x 1080 pixels",6 GB NVIDIA GeForce RTX 4050,Windows 11 OS,1 Year Warranty,16,512.0
Lenovo LOQ 15APH8 82XT009CIN 2023 Gaming Laptop (AMD Ryzen 7 7840HS/ 16GB/ 512GB SSD/ Win11/ 8GB Graph),116990,71.0,7th Gen AMD Ryzen 7 7840HS,"Octa Core, 16 Threads",16 GB DDR5 RAM,512 GB SSD,"15.6 inches, 1920 x 1080 pixels",8 GB NVIDIA GeForce RTX 4060,Windows 11 OS,1 Year Warranty,16,512.0
HP Omen 16-wf0111TX Gaming Laptop (13th Gen Core i7/ 16GB/ 1TB SSD/ Win11 Home/ 8GB Graph),126499,73.0,13th Gen Intel Core i7 13700HX,"16 Cores (8P + 8E), 24 Threads",16 GB DDR5 RAM,1 TB SSD,"16.1 inches, 1920 x 1080 pixels",8 GB NVIDIA GeForce RTX 4060,Windows 11 OS,1 Year Warranty,16,1024.0
MSI Vector GP78HX 13VI-409IN Gaming Laptop (13th Gen Core i9/ 32GB/ 2TB SSD/ Win11 Home/ 16GB Graph),344990,61.75651041666666,13th Gen Intel Core i9 13980HX,"24 Cores (8P + 16E), 32 Threads",32 GB DDR5 RAM,2 TB SSD,"17 inches, 2560 x 1600 pixels",16 GB NVIDIA GeForce RTX 4090,Windows 11 OS,2 Year Warranty,32,1024.0
HP Omen 16-xf0059AX Gaming Laptop (AMD Ryzen 7 7840HS/ 16GB/ 512GB SSD/ Win11/ 8GB Graph),113090,71.0,7th Gen AMD Ryzen 7 7840HS,"Octa Core, 16 Threads",16 GB DDR5 RAM,512 GB SSD,"16 inches, 1920 x 1080 pixels",8 GB NVIDIA GeForce RTX 4060,Windows 11 OS,1 Year Warranty,16,512.0
HP Omen 16-wf0055TX Gaming Laptop (13th Gen Core i7/ 16GB/ 512GB SSD/ Win11 Home/ 8GB Graph),132490,72.0,13th Gen Intel Core i7 13700HX,"16 Cores (8P + 8E), 24 Threads",16 GB DDR5 RAM,512 GB SSD,"16.1 inches, 1920 x 1080 pixels",8 GB NVIDIA GeForce RTX 4060,Windows 11 OS,1 Year Warranty,16,512.0
Infinix INBook X2 Plus Laptop (11th Gen Core i7/ 16GB/ 1TB SSD/ Win 11 Home),49990,55.0,11th Gen Intel Core i7 1195G7,"Quad Core, 8 Threads",16 GB LPDDR4X RAM,1 TB SSD,"15.6 inches, 1920 x 1080 pixels",Intel Integrated Iris Xe,Windows 11 OS,1 Year Warranty,16,1024.0
HP 240 G8 689U2PA Business Laptop (11th Gen Core i3/ 8GB/ 512 GB SSD/ Win11),48981,56.0,11th Gen Intel Core i3 1115G4,"Dual Core, 4 Threads",8 GB DDR4 RAM,512 GB SSD,"14 inches, 1366 x 768 pixels",Intel Iris Xe Graphics,Windows 11 OS,1 Year Warranty,8,512.0
Acer Nitro 5 AN515-58 NH.QFHSI.008 Gaming Laptop (12th Gen Core i5/ 8GB/ 512GB SSD/ Win11/ 4GB Graph),65990,61.0,12th Gen Intel Core i5 12450H,"Octa Core (4P + 4E), 12 Threads",8 GB DDR4 RAM,512 GB SSD,"15.6 inches, 1920 x 1080 pixels",4 GB NVIDIA GeForce RTX 3050,Windows 11 OS,1 Year Warranty,8,512.0
Lenovo LOQ 2023 Gaming Laptop  (13th Gen Core i5/ 8GB/ 512GB SSD/ Win11/ 8GB Graph),89999,60.0,13th Gen Intel Core i5 13420H,"Octa Core (4P + 4E), 12 Threads",8 GB DDR5 RAM,512 GB SSD,"15.6 inches, 1920 x 1080 pixels",8 GB NVIDIA GeForce RTX 4060,Windows 11 OS,1 Year Warranty,8,512.0
Acer Aspire Lite AL15-51 2023 Laptop (AMD Ryzen 5 5500U/ 8GB/ 512GB SSD/ Win11),34849,55.0,5th Gen AMD Ryzen 5 5500U,"Hexa Core, 12 Threads",8 GB DDR4 RAM,512 GB SSD,"15.6 inches, 1920 x 1080 pixels",AMD Graphics,Windows 11 OS,1 Year Warranty,8,512.0
Dell XPS 15 9530 Laptop (13th Gen Core i7/ 16GB/ 1TB SSD/ Win11/ 6GB Graph),229990,61.75651041666666,13th Gen Intel Core i7 13700H,"14 Cores (6P + 8E), 20 Threads",16 GB DDR5 RAM,1 TB SSD,"15.6 inches, 3456 x 2160 pixels, Touch Screen",6 GB NVIDIA RTX 4050,Windows 11 OS,1 Year Warranty,16,1024.0
Lenovo Yoga Book 9i 2023 82YQ001DIN Laptop (13th Gen Core i7/ 16GB/ 1TB SSD/ Win11),222990,71.0,13th Gen Intel Core i7 1355U,"10 Cores (2P + 8E), 12 Threads",16 GB PDDR5X  RAM,1 TB SSD,"13.3 inches, 2880 x 1800 pixels, Touch Screen",Intel Iris Xe Integrated Graphics,Windows 11 OS,3 Year Warranty,16,1024.0
Dell Inspiron 5330 Laptop (13th Gen Core i7/ 16GB/ 512GB SSD/ Win11),89490,61.0,13th Gen Intel Core i7 1360P,"12 Cores (4P + 8E), 16 Threads",16 GB LPDDR5  RAM,512 GB SSD,"13.3 inches, 2560 x 1600 pixels",Intel Iris Xe Graphics,Windows 11 OS,1 Year Warranty,16,512.0
Dell Inspiron 5330 Laptop (13th Gen Core i5/ 16GB/ 512GB SSD/ Win11),77490,59.0,13th Gen Intel Core i5 1340P,"12 Cores (4P + 8E), 16 Threads",16 GB LPDDR5  RAM,512 GB SSD,"13.3 inches, 2560 x 1600 pixels",Intel Iris Xe Graphics,Windows 11 OS,1 Year Warranty,16,512.0
Dell Inspiron 5518 D560667WIN9S Laptop (11th Gen Core i5/ 16GB/ 512GB SSD/ Win11 Home/ 2GB Graph),64799,61.0,11th Gen Intel Core i5 11320H,"Quad Core, 8 Threads",16 GB DDR4 RAM,512 GB SSD,"15.6 inches, 1920 x 1080 pixels",2 GB NVIDIA GeForce MX450,Windows 11 OS,1 Year Warranty,16,512.0
Asus Vivobook 15 X1504ZA-NJ321WS Laptop (12th Gen Core i3/ 8GB/ 512GB SSD/ Win11),35890,52.0,12th Gen Intel Core i3 1215U,"Hexa Core (2P + 4E), 8 Threads",8 GB DDR4 RAM,512 GB SSD,"15.6 inches, 1920 x 1080 pixels",Integrated Intel UHD Graphics,Windows 11 OS,1 Year Warranty,8,512.0
Acer Nitro 5 AN515-58 NH.QFHSI.007 Gaming Laptop (12th Gen Core i7/ 16GB/ 512GB SSD/ Win11/ 4GB Graph),86990,68.0,12th Gen Intel Core i7 12700H,"14 Cores (6P + 8E), 20 Threads",16 GB DDR4 RAM,512 GB SSD,"15.6 inches, 1920 x 1080 pixels",4 GB NVIDIA GeForce RTX 3050,Windows 11 OS,1 Year Warranty,16,512.0
Lenovo Legion Y9000X 2023 Laptop (13th Gen Core i9/ 32GB/ 1TB SSD/ Win11/ 8GB Graph),148990,78.0,13th Gen Intel Core i9 13900H,"14 Cores (6P + 8E), 20 Threads",32 GB DDR5 RAM,1 TB SSD,"16 inches, 3200 x 2000 pixels",8 GB NVIDIA GeForce RTX 4060,Windows 11 OS,1 Year Warranty,32,1024.0
Jio JioBook NB1112MM BLU 2023 Netbook Laptop (Octa Core/ 4GB/ 64GB eMMC/ JioOS),14499,61.75651041666666, Mediatek  MT8788,Octa Core,4 GB ‎LPDDR4 RAM,64 GB Hard Disk,"11.6 inches, 1366 x 768 pixels",Arm Mali-G72 MP3,1 Year Warranty,No Warranty,4,64.0
HP Omen 16-u0005TX Gaming Laptop (13th Gen Core i7/ 16GB/ 1TB SSD/ Win11 Home/ 8GB Graph),199990,77.0,13th Gen Intel Core i7 13700HX,"16 Cores (8P + 8E), 24 Threads",16 GB DDR5 RAM,1 TB SSD,"16.1 inches, 2560 x 1600 pixels",8 GB NVIDIA GeForce RTX 4070,Windows 11 OS,1 Year Warranty,16,1024.0
Lenovo IdeaPad Slim 5i 82XF003DIN Laptop (13th Gen Core i7/ 16GB/ 512GB SSD/ Win11),90000,60.0,13th Gen Intel Core i7 13700H,"14 Cores (6P + 8E), 20 Threads",16 GB  LPDDR5 RAM,512 GB SSD,"16 inches, 1920 x 1200 pixels",Integrated Intel Iris Xe Graphics,Windows 11 OS,2 Year Warranty,16,512.0
Lenovo Legion Y9000X Laptop (13th Gen Core i9/ DDR5 RAM/ 1 TB SSD/ 8 GB Graphics),150000,61.0,13th Gen Intel Core i9 13900H,"14 Cores (6P + 8E), 20 Threads",1 GB SSD,8 GB NVIDIA GeForce RTX 4070,Windows OS,"16 inches, 3200 x 2000 pixels",Backlit Keyboard,No Warranty,1,8.0
Dell Inspiron 5425 Laptop (AMD Ryzen 75825U/ 16GB/ 512GB SSD/ Win11) 84 votes,56490,61.0,5th Gen AMD Ryzen 7 5825U,"Octa Core, 16 Threads",16 GB DDR4 RAM,512 GB SSD,"14 inches, 1920 x 1080 pixels",AMD Radeon Radeon,Windows 11 OS,1 Year Warranty,16,512.0
Dell Alienware X16 R1 2023 Gaming Laptop (13th Gen Core i9/ 32GB/ 1TB SSD/ Win 11/ 12GB Graph),323990,61.75651041666666,13th Gen Intel Core i9 13900HX,"24 Cores (8P + 16E), 32 Threads",32 GB DDR5 RAM,1 TB SSD,"16 inches, 3200 x 1800 pixels",12 GB NVIDIA GeForce RTX 4080,Windows 11 OS,1 Year Warranty,32,1024.0
Dell Alienware X16 Gaming Laptop (13th Gen Core i9/ 32GB/ 2TB SSD/ Win 11/ 16GB Graph),453990,61.75651041666666,13th Gen Intel Core i9 13900HK,"14 Cores (6P + 8E), 20 Threads",32 GB LPDDR5 RAM,2 TB SSD,"16 inches, 3200 x 1800 pixels",16 GB NVIDIA GeForce RTX 4090,Windows 11 OS,1 Year Warranty,32,1024.0
MSI Prestige 14H B12UCX-412IN Laptop (12th Gen Core i5/ 16GB/ 512GB SSD/Win11 Home/ 4GB Graphic),79990,66.0,12th Gen Intel Core i5 1240P,"12 Cores (4P + 8E), 16 Threads",16 GB LPDDR5 RAM,512 GB SSD,"14 inches, 1920 x 1200 pixels",4 GB NVIDIA GeForce RTX 2050,Windows 11 OS,2 Year Warranty,16,512.0
MSI Modern 15 B12M-613IN Laptop (12th Gen Core i3/ 8GB/ 512GB SSD/ Win11 Home),34490,53.0,12th Gen Intel Core i3 1215U,"Hexa Core (2P + 4E), 8 Threads",8 GB DDR4 RAM,512 GB SSD,"15.6 inches, 1920 x 1080 pixels",Intel Integrated Iris Xe,Windows 11 OS,1 Year Warranty,8,512.0
MSI Modern 15 B11M-063IN Laptop (11th Gen Core i3/ 8GB/ 512GB SSD/ Win11 Home),34990,54.0,11th Gen Intel Core i3 1115G4,"Dual Core, 4 Threads",8 GB DDR4 RAM,512 GB SSD,"15.6 inches, 1920 x 1080 pixels",Intel Integrated Iris Xe,Windows 11 OS,1 Year Warranty,8,512.0
Dell Alienware m16 2023 Gaming Laptop (AMD Ryzen 7 7745HX/ 16GB/ 1TB SSD/ Win 11/ 8GB Graph),199290,61.75651041666666,7th Gen Amd Ryzen 7 7745HX,"Octa Core, 16 Threads",16 GB DDR5 RAM,1 TB SSD,"16 inches, 1920 x 1200 pixels",8 GB NVIDIA GEFORCE RTX 4060,Windows 11 OS,1 Year Warranty,16,1024.0
Dell Alienware M18 R1 2023 Gaming Laptop (13th Gen Core i9/ 64GB/ 1TB SSD/ Win 11/ 16GB Graph),450990,61.75651041666666,13th Gen Intel Core i9 13980HX,"24 Cores (8P + 16E), 32 Threads",64 GB LPDDR5 RAM,1 TB SSD,"18 inches, 3200 x 1800 pixels",16 GB NVIDIA GeForce RTX 4090,Windows 11 OS,1 Year Warranty,64,1024.0
Lenovo Yoga 6 83B2005TIN Laptop (AMD Ryzen 5 7530U/ 16GB/ 512GB SSD/ Win11 Home),74190,64.0,7th Gen AMD Ryzen 5 7530U,"Hexa Core, 12 Threads",16 GB DDR4 RAM,512 GB SSD,"13.3 inches, 1920 x 1200 pixels, Touch Screen",AMD Radeon,Windows 11 OS,3 Year Warranty,16,512.0
HP 15s-fy5005TU Laptop (12th Gen Core i3/ 8GB/ 1TB SSD/ Win11 Home),40999,51.0,12th Gen Intel Core i3 1215U,"Hexa Core (2P + 4E), 8 Threads",8 GB DDR4 RAM,1 TB SSD,"15.6 inches, 1920 x 1080 pixels",Intel Integrated UHD,Windows 11 OS,1 Year Warranty,8,1024.0
LG Gram 14 2023 ‎‎14Z90R-G.CH54A2 Laptop (13th Gen Core i5/ 16GB/ 512GB SSD/ Win11),89990,63.0,13th Gen Intel Core i5 1340P,"12 Cores (4P + 8E), 16 Threads",16 GB LPDDR5 RAM,512 GB SSD,"14 inches, 1200 x 1920 pixels",Intel Iris Xe Graphics,Windows 11 OS,1 Year Warranty,16,512.0
Asus ROG Zephyrus G16 2023 GU603ZU-N3023WS Laptop (12th Gen Core i7/ 16GB/ 1TB SSD/ Win11 Home/ 6GB Graph),114990,77.0,12th Gen Intel Core i7 12700H,"14 Cores (6P + 8E), 20 Threads",16 GB DDR4 RAM,1 TB SSD,"16 inches, 2560 x 1600 pixels",6 GB NVIDIA GeForce RTX 4050,Windows 11 OS,1 Year Warranty,16,1024.0
Acer Aspire 5 A515-58M Gaming Laptop (13th Gen Core i5/ 8GB/ 512GB SSD/ Win11 Home/ 4GB Graphic),54990,53.0,13th Gen Intel Core i5 1335U,"10 Cores (2P + 8E), 12 Threads",8 GB LPDDR5 RAM,512 GB SSD,"15.6 inches, 1920 x 1080 pixels",4 GB NVIDIA GeForce RTX2050,Windows 11 OS,1 Year Warranty,8,512.0
Dell Alienware m16 Gaming Laptop (AMD Ryzen 9 7845HX/ 32GB/ 2TB SSD/ Win 11/ 12GB Graph),303290,61.75651041666666,7th Gen Amd Ryzen 9 7845HX,"12 Cores, 24 Threads",32 GB DDR5 RAM,2 TB SSD,"16 inches, 1920 x 1200 pixels",12 GB NVIDIA GEFORCE RTX 4080,Windows 11 OS,1 Year Warranty,32,1024.0
Acer Nitro 16 ‎AN16-41 Gaming Laptop (AMD Ryzen 7 7840HS/ 16GB/ 512GB SSD/ Win11 Home/ 8GB Graph),129990,77.0,7th Gen AMD Ryzen 7 7840HS,"Octa Core, 16 Threads",16 GB DDR5 RAM,512 GB SSD,"16 inches, 1920 x 1200 pixels",8 GB NVIDIA GeForce RTX 4060,Windows 11 OS,1 Year Warranty,16,512.0
Asus TUF Gaming F17 FX707ZC4-HX067W Gaming Laptop (12th Gen Core i5/ 16GB/ 512GB SSD/ Win11/ 4GB Graph),73990,70.0,12th Gen Intel Core i5 12500H,"12 Cores (4P + 8E), 16 Threads",16 GB DDR5 RAM,512 GB SSD,"17.3 inches, 1920 x 1080 pixels",4 GB NVIDIA GeForce RTX 3050,Windows 11 OS,1 Year Warranty,16,512.0
HP 15s-fy5004TU Laptop (12th Gen Core i3/ 16GB/ 512GB SSD/ Win11 Home),40300,52.0,12th Gen Intel Core i3 1215U,"Hexa Core (2P + 4E), 8 Threads",16 GB DDR4 RAM,512 GB SSD,"15.6 inches, 1920 x 1080 pixels",Intel Integrated UHD,Windows 11 OS,1 Year Warranty,16,512.0
Asus Vivobook 16X 2023 K3605ZF-MBN741WS Laptop (12th Gen Core i7/ 16GB/ 512GB SSD/ Win11 Home/ 4GB Graph),88990,70.0,12th Gen Intel Core i7 12650H,"10 Cores (6P + 4E), 16 Threads",16 GB DDR4 RAM,512 GB SSD,"16 inches, 1920 x 1200 pixels",4 GB NVIDIA GeForce RTX 2050,Windows 11 OS,1 Year Warranty,16,512.0
Lenovo IdeaPad Slim 3 82XQ008GIN Laptop (AMD Ryzen 5 7520U/ 8GB/ 512GB SSD/ Win11),41790,53.0,7th Gen AMD Ryzen 5 7520U,"Quad Core, 8 Threads",8 GB  LPDDR5 RAM,512 GB SSD,"15.6 inches, 1920 x 1080 pixels",AMD Integrated SoC,Windows 11 OS,1 Year Warranty,8,512.0
Asus Vivobook 14X K3405ZFB-KM752WS Laptop (12th Gen Core i7 /16GB/ 1TB SSD/Win11/ 4GB Graphic),79990,70.0,12th Gen Intel Core i7 12650H ,"10 Cores (6P + 4E), 16 Threads",16 GB DDR4 RAM,1 TB SSD,"14 inches, 2880 x 1800 pixels",4 GB NVIDIA GeForce RTX 2050,Windows 11 OS,1 Year Warranty,16,1024.0
Lenovo IdeaPad Flex 5 82XX007KIN Laptop (AMD Ryzen 5 7530U/ 16GB/ 512GB SSD/ Win11 Home),65990,65.0,7th Gen AMD Ryzen 5 7530U,"Hexa Core, 12 Threads",16 GB LPDDR4X RAM,512 GB SSD,"14 inches, 1920 x 1200 pixels, Touch Screen",AMD Radeon AMD,Windows 11 OS,1 Year Warranty,16,512.0
Asus Vivobook Pro 15 M6500QC-LK542WS Laptop (AMD R5 5600H/ 16GB/ 512GB SSD/ Win11/ 4GB Graph),68990,65.0,5th Gen AMD Ryzen 5  5600H,"Hexa Core, 12 Threads",16 GB DDR4 RAM,512 GB SSD,"15.6 inches, 1920 x 1080 pixels",4 GB NVIDIA GeForce RTX 3050,Windows 11 OS,1 Year Warranty,16,512.0
Acer Aspire Lite AL15-51 2023 Laptop (11th Gen Core i5/ 16GB/ 512GB SSD/ Win11),42600,59.0,11th Gen Intel Core i5 1155G7,"Quad Core, 8 Threads",16 GB DDR4 RAM,512 GB SSD,"15.6 inches, 1920 x 1080 pixels",Intel Iris Xe Graphics,Windows 11 OS,1 Year Warranty,16,512.0
HP ZBook Firefly 16 G9 2023 Laptop (12th Gen Core i5/ 16GB/ 512GB SSD/ Win11),111505,61.0,12th Gen Intel Core i5 1235U,"10 Cores (2P + 8E), 12 Threads",16 GB DDR5 RAM,512 GB SSD,"16 inches, 1920 x 1200 pixels",Intel Iris Xᵉ Graphics,Windows 11 OS,1 Year Warranty,16,512.0
Acer Aspire Lite 2023 AL15-51 Laptop (11th Gen Core i5/ 8GB/ 512GB SSD/ Win11),41400,56.0,11th Gen Intel Core i5 1155G7,"Quad Core, 8 Threads",8 GB DDR4 RAM,512 GB SSD,"15.6 inches, 1920 x 1080 pixels",Intel Iris Xe Graphics,Windows 11 OS,1 Year Warranty,8,512.0
Fujitsu UH-X ‎4ZR1L12856 Laptop (13th Gen Core i7/ 16GB/ 512GB SSD/ Win11),89990,69.0,13th Gen Intel Core i7 1360P,"12 Cores (4P + 8E), 16 Threads",16 GB LPDDR5 RAM,512 GB SSD,"14 inches, 1920 x 1200 pixels",Intel Iris Xe Graphics,Windows 11 OS,2 Year Warranty,16,512.0
Asus Vivobook Pro 15 M6500QC-LK742WS Laptop (Ryzen 7 5800H/ 16GB/ 512GB SSD/ Win11/ 4GB Graph),73990,69.0,5th Gen AMD Ryzen 7 5800H,"Octa Core, 16 Threads",16 GB DDR4 RAM,512 GB SSD,"15.6 inches, 1920 x 1080 pixels",4 GB NVIDIA GeForce RTX 3050,Windows 11 OS,1 Year Warranty,16,512.0
HP ZBook Firefly 14 G9 2023 Laptop (12th Gen Core i5/ 16GB/ 512GB SSD/ Win11),108352,62.0,12th Gen Intel Core i5 1240P,"12 Cores (4P + 8E), 16 Threads",16 GB DDR5 RAM,512 GB SSD,"14 inches, 1920 x 1200 pixels",Intel Iris Xᵉ Graphics,Windows 11 OS,1 Year Warranty,16,512.0
HP ZBook Firefly 16 G9 2023 Workstation PC Laptop (12th Gen Core i5/ 16GB/ 1TB SSD/ Win11/ 4GB Graphics),126494,66.0,12th Gen Intel Core i5 1235U,"10 Cores (2P + 8E), 12 Threads",16 GB DDR5 RAM,1 TB SSD,"16 inches, 1920 x 1200 pixels",4 GB NVIDIA RTX NVIDIA T550,Windows 11 OS,1 Year Warranty,16,1024.0
HP ZBook Studio G9 WUXGA 16 Workstation Laptop (12th Gen Core i9/ 32GB/ 1TB SSD/ Win11/ 16GB Graph),373192,61.75651041666666,12th Gen Intel Core i9 12900H,"14 Cores (6P + 8E), 20 Threads",32 GB DDR5 RAM,1 TB SSD,16 inches,16 GB NVIDIA GeForce RTX 3080 Ti ,Windows 11 OS,1 Year Warranty,32,1024.0
HP ZBook Studio G9 16 Workstation WQUXGA Laptop (12th Gen Core i9/ 32GB/ 1TB SSD/ Win11/ 6GB Graph),292347,61.75651041666666,12th Gen Intel Core i9 12900H,"14 Cores (6P + 8E), 20 Threads",32 GB DDR5 RAM,1 TB SSD,"16 inches, 3840 x 2400 pixels",6 GB NVIDIA GeForce RTX 3060,Windows 11 OS,1 Year Warranty,32,1024.0
HP ZBook Firefly 14 G9 WUXGA Laptop (12th Gen Core i5/ 16GB/ 1TB SSD/ Win11 ),111422,62.0,12th Gen Intel Core i5 1235U,"10 Cores (2P + 8E), 12 Threads",16 GB DDR5 RAM,1 TB SSD,"14 inches, 1920 x 1200 pixels",Intel Iris Xᵉ Graphics,Windows 11 OS,1 Year Warranty,16,1024.0
HP ZBook Firefly 14 G9 Laptop (12th Gen Core i5/ 16GB/ 512GB SSD/ Win11 ),96700,60.0,12th Gen Intel Core i5 1235U,"10 Cores (2P + 8E), 12 Threads",16 GB DDR5 RAM,512 GB SSD,"14 inches, 1920 x 1200 pixels",Intel Iris Xᵉ Graphics,Windows 11 OS,1 Year Warranty,16,512.0
HP ZBook Studio G9 WUXGA Workstation Laptop (12th Gen Core i7/ 16GB/ 1TB SSD/ Win11/ 8GB Graph),261921,61.75651041666666,12th Gen Intel Core i7 12700H ,"14 Cores (6P + 8E), 20 Threads",16 GB DDR5 RAM,1 TB SSD,"16 inches, 1920 x 1200 pixels",8 GB NVIDIA GeForce RTX 3070 Ti ,Windows 11 OS,1 Year Warranty,16,1024.0
HP ZBook Studio G9 2023 Workstation WQUXGA Laptop (12th Gen Core i9/ 32GB/ 1TB SSD/ Win11/ 12GB Graph),390914,61.75651041666666,12th Gen Intel Core i9 12900H,"14 Cores (6P + 8E), 20 Threads",32 GB DDR5 RAM,1 TB SSD,"16 inches, 3840 x 2400 pixels",12 GB NVIDIA GeForce RTX 3080 Ti,Windows 11 OS,1 Year Warranty,32,1024.0
HP 15s-fq3073TU Laptop Intel Pentium Silver N6000/ 8GB/ 512GB SSD/ Win11 Home),30990,61.75651041666666,Intel Pentium Silver   N6000 ,"Quad Core, 4 Threads",8 GB DDR4 RAM,512 GB SSD,"15.6 inches, 1366 x 768 pixels",Intel Integrated UHD Graphics,Windows 11  OS,1 Year Warranty,8,512.0
HP ZBook Studio G9 Workstation WQUXGA Laptop (12th Gen Core i7/ 16GB/ 1TB SSD/ Win11/ 6GB Graph),246815,61.75651041666666,12th Gen Intel Core i7 12700H ,"14 Cores (6P + 8E), 20 Threads",16 GB DDR5 RAM,1 TB SSD,"16 inches, 3840 x 2400 pixels",6 GB NVIDIA GeForce RTX 3060,Windows 11 OS,1 Year Warranty,16,1024.0
LG UltraPC 16 ‎16U70R-G.AH56A2 Laptop (AMD Ryzen5-7530U/ 16GB/ 512GB SSD/ Win11),78299,69.0,7th Gen AMD Ryzen 5 7530U,"Hexa Core, 12 Threads",16 GB DDR4 RAM,512 GB SSD,"16 inches, 1920 x 1200 pixels, Touch Screen",AMD Radeon 7 Graphics,Windows 11 OS,1 Year Warranty,16,512.0
LG Gram 14 2023 ‎14Z90R-G.CH75A2 Laptop (13th Gen Core i7/ 16GB/ 512GB SSD/ Win11),117899,66.0,13th Gen Intel Core i7 1360P,"12 Cores (4P + 8E), 16 Threads",16 GB LPDDR5 RAM,512 GB SSD,"14 inches, 1200 x 1920 pixels",Intel Iris Xe Graphics,Windows 11 OS,1 Year Warranty,16,512.0
HP ZBook Studio G9 Workstation Laptop (12th Gen Core i7/ 16GB/ 1TB SSD/ Win11/ 8GB Graph),278103,61.75651041666666,12th Gen Intel Core i7 12700H ,"14 Cores (6P + 8E), 20 Threads",16 GB DDR5 RAM,1 TB SSD,"16 inches, 3840 x 2400 pixels",8 GB NVIDIA GeForce RTX 3070 Ti ,Windows 11 OS,1 Year Warranty,16,1024.0
Lenovo IdeaPad 1 82V6005CIN Laptop (Celeron N4020/ 4GB/ 256GB SSD/ Win11 Home),22490,61.75651041666666,Intel Celeron  N4020 ,"Dual Core, 2 Threads",4 GB DDR4  RAM,256 GB SSD,"11.6 inches, 1366 x 768 pixels",Intel UHD Graphics 600,Windows 11 OS,1 Year Warranty,4,256.0
Acer Nitro 5 AN515-58 UN.QFHSI.026 Gaming Laptop (12th Gen Core i5/ 16GB/ 512GB SSD/ Win11/ 4GB Graph),69990,64.0,12th Gen Intel Core i5 12450H,"Octa Core (4P + 4E), 12 Threads",16 GB DDR4 RAM,512 GB SSD,"15.6 inches, 1920 x 1080 pixels",4 GB NVIDIA GeForce RTX 3050,Windows 11 OS,1 Year Warranty,16,512.0
Asus Vivobook 16X 2023 K3605ZV-MB741WS Laptop (12th Gen Core i7/ 16GB/ 512GB SSD/ Win11 Home/ 8GB Graph),99990,71.0,12th Gen Intel Core i7 12650H,"10 Cores (6P + 4E), 16 Threads",16 GB DDR4 RAM,512 GB SSD,"16 inches, 1920 x 1200 pixels",8 GB NVIDIA Geforce RTX 4060,Windows 11 OS,1 Year Warranty,16,512.0
Asus ROG Zephyrus G14 GA402NJ-L8094WS Gaming Laptop (AMD Ryzen 7 7735HS/ 16GB/ 512GB SSD/ Win11/ 6GB Graph),89990,66.0,6th Gen AMD Ryzen 7  7735HS,"Octa Core, 16 Threads",16 GB DDR5 RAM,512 GB SSD,"14 inches, 2560 x 1600 pixels",6 GB NVIDIA GeForce RTX 3050 ,Windows 11 OS,1 Year Warranty,16,512.0
LG gram360 16 Laptop (13th Gen Core i7/ 16GB/ 1TB SSD/ Win11),152499,73.0,13th Gen Intel Core i7 1360P,"12 Cores (4P + 8E), 16 Threads",16 GB LPDDR5 RAM,1 TB SSD,"16 inches, 1600 x 2560 pixels, Touch Screen",Intel Iris Xe Graphics ,Windows 11 OS,1 Year Warranty,16,1024.0
Dell Inspiron 14 5430 2023 Laptop (13th Gen Core i5/ 8GB/ 1TB SSD/ Win11),61990,56.0,13th Gen Intel Core i5 1335U,"10 Cores (2P + 8E), 12 Threads",8 GB LPDDR5  RAM,1 TB SSD,"14 inches, 1920 x 1200 pixels",Intel Iris Xe Graphics,Windows 11 OS,1 Year Warranty,8,1024.0
HP 255 G8 6E3Z0PA Laptop (Ryzen 3 3250U/ 8GB/512GB SSD/ Dos),23940,61.75651041666666,3rd Gen AMD Ryzen 3  3250U,"Dual Core, 4 Threads",8 GB DDR4 RAM,512 GB SSD,"15.6 inches, 1366 x 768 pixels",AMD Radeon Graphics,DOS OS,1 Year Warranty,8,512.0
Asus Vivobook 15 2023 X1504VA-NJ544WS Laptop (13th Gen Core i5/ 16GB/ 512GB SSD/ Win11),58990,60.0,13th Gen Intel Core i5 1335U,"10 Cores (2P + 8E), 12 Threads",16 GB DDR4 RAM,512 GB SSD,"15.6 inches, 1920 x 1080 pixels",Integrated Intel Iris Xe Graphics,Windows 11 OS,1 Year Warranty,16,512.0
Dell Vostro 5630 IN5630P8YRR001ORS1 Laptop (13th Gen Core i5/ 16GB/ 512GB SSD/ Win11),78980,62.0,13th Gen Intel Core i5 1340P,"12 Cores (4P + 8E), 16 Threads",16 GB DDR4 RAM,512 GB SSD,"16 inches, 1920 x 1080 pixels",Intel Iris Xe,Windows 11  OS,1 Year Warranty,16,512.0
Dell Inspiron 2023 14 5430 Laptop (13th Gen Core i5/ 16GB/ 1TB SSD/ Win11),70790,59.0,13th Gen Intel Core i5 1335U,"10 Cores (2P + 8E), 12 Threads",16 GB LPDDR5  RAM,1 TB SSD,"14 inches, 1920 x 1200 pixels",Intel Iris Xe Graphics,Windows 11 OS,1 Year Warranty,16,1024.0
Dell Inspiron 5430 Laptop (13th Gen Core i7/ 16GB/ 1TB SSD/ Win11),86730,62.0,13th Gen Intel Core i7 1360P,"12 Cores (4P + 8E), 16 Threads",16 GB LPDDR5  RAM,1 TB SSD,"14 inches, 1920 x 1200 pixels",Intel Iris Xe Graphics,Windows 11 OS,1 Year Warranty,16,1024.0
Infinix Zerobook 13 ZL513 2023 Laptop (13th Gen Core i7/ 32GB/ 1TB SSD/ Win 11 Home),66990,59.0,13th Gen Intel Core i7 13700H,"14 Cores (6P + 8E), 20 Threads",32 GB LPDDR5X RAM,1 TB SSD,"15.6 inches, 1920 x 1080 pixels",Intel Integrated Iris Xe,Windows 11 OS,1 Year Warranty,32,1024.0
Lenovo S14 Gen 3 82TW001CIH Laptop (12th Gen Core i5/ 8GB/ 512GB SSD/ Win11),47450,56.0,12th Gen Intel Core i5 1235U,"10 Cores (2P + 8E), 12 Threads",8 GB DDR4 RAM,512 GB SSD,"14 inches, 1920 x 1080 pixels",Intel UHD Graphics,Windows 11 OS,2 Year Warranty,8,512.0
MSI Katana GF66 12UCOK 2023 Gaming Laptop (12th Gen Core i5/ 16GB/ 512GB SSD/ Win11 Home/ 4GB Graph),69990,62.0,12th Gen Intel Core i5 12450H ,"Octa Core (4P + 4E), 12 Threads",16 GB DDR5 RAM,512 GB SSD,"15.6 inches, 1920 x 1080 pixels",4 GB NVIDIA GeForce RTX 3050,Windows 11 OS,2 Year Warranty,16,512.0
Lenovo ThinkPad E14 21JRS00Y00 Laptop (AMD Ryzen 3 7330U/ 8GB/ 512GB SSD/ Win11 Home),42990,56.0,7th Gen AMD Ryzen 3 7330U,"Quad Core, 8 Threads",8 GB DDR4  RAM,512 GB SSD,"14 inches, 1920 x 1200 pixels",AMD Radeon Graphics,Windows 11 OS,1 Year Warranty,8,512.0
Lenovo IdeaPad Gaming 3 82K101LHIN Laptop (11th Gen Core i5/ 16GB/ 512GB SSD/ Win11 Home/ 4GB Graph),52000,65.0,11th Gen Intel Core i5 11320H,"Quad Core, 8 Threads",16 GB DDR4 RAM,512 GB SSD,"15.6 inches, 1920 x 1080 pixels",4 GB NVIDIA GTX 1650,Windows 11 OS,1 Year Warranty,16,512.0
MSI Thin GF63 11SC-1477IN Gaming Laptop (11th Gen Core i5/ 8GB/ 512GB SSD/ Win11 Home/ 4GB Graph),41990,62.0,11th Gen Intel Core i5 11260H,"Hexa Core, 12 Threads",8 GB DDR4 RAM,512 GB SSD,"15.6 inches, 1920 x 1080 pixels",4 GB NVIDIA GeForce GTX 1650,Windows 11 OS,2 Year Warranty,8,512.0
Lenovo ThinkBook 15 21JF002CIN Laptop (AMD Ryzen 3 7330U/ 8 GB/ 512 GB SSD/ DOS),31800,56.0,7th Gen AMD Ryzen 3 7330U,"Quad Core, 8 Threads",8 GB DDR4 RAM,512 GB SSD,"15.6 inches, 1920 x 1080 pixels",AMD Radeon AMD,DOS OS,1 Year Warranty,8,512.0
Lenovo ThinkPad T14 Gen 2 20W0S16Q00 Laptop (11th Gen Core i7/ 16GB/ 512GB SSD/ Win11 Pro/ 2GB Graph),96999,64.0,11th Gen Intel Core i7 1165G7 ,"Quad Core, 8 Threads",16 GB DDR4 RAM,512 GB SSD,"14 inches, 1920 x 1080 pixels",2 GB NVIDIA GeForce MX450,Windows 11 OS,1 Year Warranty,16,512.0
Lenovo IdeaPad Gaming 3 15ACH6 82K2022YIN Laptop (AMD Ryzen 5 5600H/ 8GB/ 512GB SSD/ Win11 Home/ 4GB Graph),63990,62.0,5th Gen AMD Ryzen 5 5600H,"Hexa Core, 12 Threads",8 GB DDR4 RAM,512 GB SSD,"15.6 inches, 1920 x 1080 pixels",4 GB NVIDIA GeForce RTX 3050,Windows 11 OS,1 Year Warranty,8,512.0
Lenovo ThinkPad E14 21JRS00T00 Laptop (AMD Ryzen 5 7530U/ 8GB/ 512GB SSD/ Win11 Home),69345,60.0,7th Gen AMD Ryzen 5 7530U,"Hexa Core, 12 Threads",8 GB DDR4  RAM,512 GB SSD,"14 inches, 1920 x 1200 pixels",AMD Radeon Graphics,Windows 11 OS,1 Year Warranty,8,512.0
Asus Vivobook 15 2023 X1504VA-NJ543WS Laptop (13th Gen Core i5/ 16GB/ 512GB SSD/ Win11),58990,60.0,13th Gen Intel Core i5 1335U,"10 Cores (2P + 8E), 12 Threads",16 GB DDR4 RAM,512 GB SSD,"15.6 inches, 1920 x 1080 pixels",Integrated Intel Iris Xe Graphics,Windows 11 OS,1 Year Warranty,16,512.0
Lenovo IdeaPad 1 14IGL7 82V6005EIN Laptop (Celeron Dual Core/ 8GB/ 256GB SSD/ Win11 Home),26490,61.75651041666666,4th Gen Intel Celeron N4020,"Dual Core, 2 Threads",8 GB DDR4 RAM,256 GB SSD,"14 inches, 1366 x 768 pixels",Intel Integrated UHD,Windows 11 OS,1 Year Warranty,8,256.0
Asus Vivobook 15 OLED 2023 X1505VAU-LK543WS Laptop (13th Gen Core i5/ 16GB/ 512GB SSD/ Win11 Home),64990,57.0,13th Gen ‎Intel Core i5 1335U,"10 Cores (2P + 8E), 12 Threads",16 GB DDR4 RAM,512 GB SSD,"15.6 inches, 1920 x 1080 pixels",Integrated Intel Iris Xe Graphics,Windows 11 OS,1 Year Warranty,16,512.0
HP Envy x360 15-fh0015AU Laptop (AMD Ryzen 5 7530U/ 16GB/ 512GB SSD/ Win11 Home),78490,62.0,7th Gen AMD Ryzen 5 7530U,"Hexa Core, 12 Threads",16 GB LPDDR5 RAM,512 GB SSD,"15.6 inches, 1920 x 1080 pixels, Touch Screen",AMD Radeon AMD,Windows 11 OS,1 Year Warranty,16,512.0
Lenovo IdeaPad Slim 3 2023 82X70033IN Laptop (13th Gen Core i3/ 8GB/ 512GB SSD/ Win11),43990,53.0,13th Gen Intel Core i3 1305U,"5 Cores (1P + 4E), 6 Threads",8 GB LPDDR5 RAM,512 GB SSD,"15.6 inches, 1920 x 1080 pixels",Integrated Intel UHD Graphics,Windows 11 OS,1 Year Warranty,8,512.0
HP Envy x360 15-fe0027TU Laptop (13th Gen Core i5/ 16GB/ 512GB SSD/ Win11 Home),88490,62.0,13th Gen Intel Core i5 1335U,"10 Cores (2P + 8E), 12 Threads",16 GB LPDDR5 RAM,512 GB SSD,"15.6 inches, 1920 x 1080 pixels, Touch Screen",Intel Integrated Iris Xe,Windows 11 OS,1 Year Warranty,16,512.0
HP Envy x360 15-fe0028TU Laptop (13th Gen Core i5/ 16GB/ 512GB SSD/ Win11 Home),95990,62.0,13th Gen Intel Core i5 1335U,"10 Cores (2P + 8E), 12 Threads",16 GB LPDDR5 RAM,512 GB SSD,"15.6 inches, 1920 x 1080 pixels, Touch Screen",Intel Integrated Iris Xe,Windows 11 OS,1 Year Warranty,16,512.0
HP Envy x360 15-fh0016AU Laptop (AMD Ryzen 5 7530U/ 16GB/ 512GB SSD/ Win11 Home),86490,63.0,7th Gen AMD Ryzen 5 7530U,"Hexa Core, 12 Threads",16 GB LPDDR5 RAM,512 GB SSD,"15.6 inches, 1920 x 1080 pixels, Touch Screen",AMD Radeon AMD,Windows 11 OS,1 Year Warranty,16,512.0
HP Envy x360 15-fh0019AU Laptop (AMD Ryzen 7 7730U/ 16GB/ 512GB SSD/ Win11 Home),85600,66.0,7th Gen AMD Ryzen 7 7730U,"Octa Core, 16 Threads",16 GB LPDDR5 RAM,512 GB SSD,"15.6 inches, 1920 x 1080 pixels, Touch Screen",AMD Radeon AMD,Windows 11 OS,1 Year Warranty,16,512.0
Acer Aspire Lite AL15-51 Laptop (11th Gen Core i3/ 8GB/ 256GB SSD/ Win11),30990,54.0,11th Gen Intel Core i3 1115G4,"Dual Core, 4 Threads",8 GB DDR4 RAM,256 GB SSD,"15.6 inches, 1920 x 1080 pixels",Intel UHD Graphics ,Windows 11 OS,1 Year Warranty,8,256.0
HP 14-em0027AU Laptop (AMD Ryzen 5 7520U/ 16GB/ 512GB SSD/ Win11 Home),48990,56.0,7th Gen AMD Ryzen 5 7520U,"Quad Core, 8 Threads",16 GB LPDDR5 RAM,512 GB SSD,"14 inches, 1920 x 1080 pixels",AMD Radeon AMD,Windows 11 OS,1 Year Warranty,16,512.0
Asus Vivobook 15 X1502ZA-EJ523WS Laptop (12th Gen Core i5/ 8GB/ 512GB SSD/ Win11),48990,56.0,12th Gen Intel Core i5 12500H,"12 Cores (4P + 8E), 16 Threads",8 GB DDR4 RAM,512 GB SSD,"15.6 inches, 1920 x 1080 pixels",Intel Iris Xe Graphics,Windows 11 OS,1 Year Warranty,8,512.0
HP Envy x360 15-ew0041TU Laptop (12th Gen Core i5/ 16GB/ 512GB SSD/ Win11),82990,68.0,12th Gen Intel Core i5 1235U,"10 Cores (2P + 8E), 12 Threads",16 GB DDR4 RAM,512 GB SSD,"15.6 inches, 1920 x 1080 pixels, Touch Screen",Intel Iris Xe Graphics,Windows 11 OS,1 Year Warranty,16,512.0
Dell Inspiron 7430 2 in 1 Laptop (13th Gen Core i3/ 8GB/ 1TB SSD/ Win11),58490,52.0,13th Gen Intel Core i3 1315U,"Hexa Core (2P + 4E), 8 Threads",8 GB LPDDR5 RAM,1 TB SSD,"14 inches, 1920 x 1200 pixels, Touch Screen",Intel UHD Graphics,Windows 11 OS,1 Year Warranty,8,1024.0
HP 14-em0025AU Laptop (AMD Ryzen  3 7320U/ 8GB/ 512GB SSD/ Win11 Home),36990,53.0,7th Gen AMD Ryzen 3 7320U,"Quad Core, 8 Threads",8 GB LPDDR5 RAM,512 GB SSD,"14 inches, 1920 x 1080 pixels",AMD Radeon AMD,Windows 11 OS,1 Year Warranty,8,512.0
HP Pavilion Plus ‎14-eh1047TU Laptop (13th Gen Core i7/ 16GB/ 512GB SSD/ Win 11),98990,66.0,13th Gen Intel Core i7 13700H,"14 Cores (6P + 8E), 20 Threads",16 GB DDR4 RAM,512 GB SSD,"14 inches, 2880 x 1800 pixels",Intel Integrated Iris Xe,Windows 11 OS,1 Year Warranty,16,512.0
Asus Vivobook 14X K3405ZFB-KM541WS Laptop (12th Gen Core i5 /16GB/512GB SSD/Win11),67990,66.0,12th Gen Intel Core i5 12450H,"Octa Core (4P + 4E), 12 Threads",16 GB DDR4 RAM,512 GB SSD,"14 inches, 2880 x 1800 pixels",4 GB NVIDIA GeForce RTX 2050,Windows 11 OS,1 Year Warranty,16,512.0
Lenovo Thinkbook 15 21DJ00EXIH Laptop (12th Gen Core i5/ 8GB/ 512GB SSD/ Win11 Home),53990,62.0,12th Gen Intel Core i5 1235U,"10 Cores (2P + 8E), 12 Threads",8 GB DDR4 RAM,512 GB SSD,"15.6 inches, 1920 x 1080 pixels",Iris Xe Graphics,Windows 11 OS,1 Year Warranty,8,512.0
Lenovo Thinkpad E15 21E6S05B00 Laptop (12th Gen Core i5/ 8GB/ 512GB SSD/ Win11 Home),65750,63.0,12th Gen Intel Core i5 1235U,"10 Cores (2P + 8E), 12 Threads",8 GB DDR4 RAM,512 GB SSD,"15.6 inches, 1920 x 1080 pixels",Intel UHD Graphics,Windows 11 OS,1 Year Warranty,8,512.0
Lenovo ThinkPad E14 21JRS00U00 Laptop (AMD Ryzen 5 7530U/ 16GB/ 512GB SSD/ Win11 Home),51290,61.0,7th Gen AMD Ryzen 5 7530U,"Hexa Core, 12 Threads",16 GB DDR4  RAM,512 GB SSD,"14 inches, 1920 x 1080 pixels",AMD Radeon Graphics,Windows 11 OS,1 Year Warranty,16,512.0
Lenovo IdeaPad Gaming 3 82K2025LIN Laptop (AMD Ryzen 5 5600H/ 16GB/ 512GB SSD/ Win11 Home/ 4GB Graph),72990,64.0,5th Gen AMD Ryzen 5  5600H,"Hexa Core, 12 Threads",16 GB DDR4 RAM,512 GB SSD,"15.6 inches, 1920 x 1080 pixels",4 GB NVIDIA GeForce GTX 1650,Windows 11 OS,1 Year Warranty,16,512.0
Acer Aspire Lite AL15-51 UN.431SI.252 Laptop (11th Gen Core i3/ 8GB/ 512GB SSD/ Win11),32390,55.0,11th Gen Intel Core i3 1115G4,"Dual Core, 4 Threads",8 GB DDR4 RAM,512 GB SSD,"15.6 inches, 1920 x 1080 pixels",Intel UHD Graphics ,Windows 11 OS,1 Year Warranty,8,512.0
MSI Stealth 15 A13VF-074IN Gaming Laptop (13th Gen Core i7/ 16GB/ 1TB SSD/ Win11 Home/ 8GB Graph),171990,74.0,13th Gen Intel Core i7 13620H,"10 Cores (6P + 4E), 16 Threads",16 GB DDR5 RAM,1 TB SSD,"15.6 inches, 2560 x 1440 pixels",8 GB NVIDIA GeForce RTX 4060,Windows 11 OS,2 Year Warranty,16,1024.0
Infinix Zerobook 13 ZL513 Laptop (13th Gen Core i7/ 16GB/ 512GB SSD/ Win 11 Home),59990,54.0,13th Gen Intel Core i7 13700H,"14 Cores (6P + 8E), 20 Threads",16 GB LPDDR5X RAM,512 GB SSD,"15.6 inches, 1920 x 1080 pixels",Intel Integrated Iris Xe,Windows 11 OS,1 Year Warranty,16,512.0
HP Envy 15-fe0032TU Laptop (13th Gen Core i7/ 16GB/ 1TB SSD/ Win11),117000,65.0,13th Gen Intel Core i7 1355U,"10 Cores (2P + 8E), 12 Threads",16 GB LPDDR5 RAM,1 TB SSD,"15.6 inches, 1920 x 1080 pixels, Touch Screen",Intel Iris X Graphics,Windows 11 OS,1 Year Warranty,16,1024.0
Dell Inspiron 3535 Laptop (AMD Ryzen R5-7520U/ 8GB/ 512GB SSD/ Win11),44890,51.0,7th Gen Amd Ryzen 5 7520U,"Quad Core, 8 Threads",8 GB LPDDR5 RAM,512 GB SSD,"15.6 inches, 1920 x 1080 pixels",AMD Radeon Graphics,Windows 11 OS,1 Year Warranty,8,512.0
HP 14-gr0000TU Laptop (13th Gen Core i3/ 8GB/ 512GB SSD/ Win11 Home),45490,50.0,13th Gen Intel Core i3 1315U,"Hexa Core (2P + 4E), 8 Threads",8 GB DDR4 RAM,512 GB SSD,"14 inches, 1920 x 1080 pixels",Intel UHD Graphics,Windows 11 OS,1 Year Warranty,8,512.0
HP 15s-ey2001AU Laptop (AMD Ryzen 7 5700U/ 16GB/ 512GB SSD/ Win11 Home),55490,57.0,5th Gen AMD Ryzen 7   5700U,"Octa Core, 16 Threads",16 GB DDR4 RAM,512 GB SSD,"15.6 inches, 1920 x 1080 pixels",AMD Radeon Radeon,Windows 11 OS,1 Year Warranty,16,512.0
HP 14-hr0001AU Laptop (AMD Ryzen 5 7520U/ 8GB/ 512GB SSD/ Win11 Home),44437,54.0,7th Gen AMD Ryzen 5 7520U,"Quad Core, 8 Threads",8 GB LPDDR5 RAM,512 GB SSD,"14 inches, 1920 x 1080 pixels",AMD Radeon AMD,Windows 11 OS,1 Year Warranty,8,512.0
Lenovo Ideapad Flex 5i 14IAU7 82R70067IN Laptop (12th Gen Core i3/ 8GB/ 512GB SSD/ Win11 Home),58400,60.0,12th Gen Intel Core i3 1215U,"Hexa Core (2P + 4E), 8 Threads",8 GB LPDDR4 RAM,512 GB SSD,"14 inches, 1920 x 1080 pixels, Touch Screen",Intel Integrated UHD,Windows 11 OS,1 Year Warranty,8,512.0
HP Envy 15-fe0030TU Laptop (13th Gen Core i7/ 16GB/ 512GB SSD/ Win11),109990,64.0,13th Gen Intel Core i7 1355U,"10 Cores (2P + 8E), 12 Threads",16 GB LPDDR5 RAM,512 GB SSD,"15.6 inches, 1920 x 1080 pixels, Touch Screen",Intel Iris X Graphics,Windows 11 OS,1 Year Warranty,16,512.0
‎HP Zbook Power G4-A 2023 ZHAN 99 Laptop (AMD Ryzen 5 6600H/ 16GB/ 1TB 512GB SSD/ Win11/ 4GB Graph),115558,68.0,6th Gen AMD Ryzen 5 6600H,"Hexa Core, 12 Threads",16 GB DDR5 RAM,1 TB Hard Disk,4 GB ‎NVIDIA Quadro T600,512 GB SSD,"15.6 inches, 1920 x 1080 pixels",Windows 11 OS,16,1024.0
‎HP Zbook Power G4-A ZHAN 99 2023 Laptop (AMD Ryzen 5 6600H/ 32GB/ 1TB SSD/ Win11/ 4GB Graph),137134,70.0,6th Gen AMD Ryzen 5 6600H,"Hexa Core, 12 Threads",32 GB DDR5 RAM,1 TB SSD,"15.6 inches, 1920 x 1080 pixels",4 GB ‎NVIDIA Quadro T600,Windows 11 OS,1 Year Warranty,32,1024.0
HP 14-hr0000AU Laptop (AMD Ryzen 5 7520U/ 16GB/ 512GB SSD/ Win11 Home),47990,56.0,7th Gen AMD Ryzen 5 7520U,"Quad Core, 8 Threads",16 GB LPDDR5 RAM,512 GB SSD,"14 inches, 1920 x 1080 pixels",AMD Radeon AMD,Windows 11 OS,1 Year Warranty,16,512.0
Chuwi CoreBook X Laptop (10th Gen Core i3/ 8GB/ 512GB SSD/ Win11),24990,61.75651041666666,10th Gen Intel Core i3 1005G1,"Dual Core, 4 Threads",8 GB DDR4 RAM,512 GB SSD,"14 inches, 1920 x 1200 pixels",Intel UHD Graphics,Windows 11 OS,1 Year Warranty,8,512.0
Asus ROG Zephyrus G14 2023 GA402XU-N2045WS Gaming Laptop (AMD Ryzen 9 7940HS/ 16GB/ 1TB SSD/ Win11/ 6GB Graph),145999,79.0,7th Gen AMD Ryzen 9 7940HS,"Octa Core, 16 Threads",16 GB DDR5 RAM,1 TB SSD,"14 inches, 2560 x 1600 pixels",6 GB NVIDIA GeForce RTX 4050,Windows 11 OS,1 Year Warranty,16,1024.0
Asus TUF Gaming F15 FX506HF-HN026W Gaming Laptop (11th Gen Core i5/ 8GB/ 1TB SSD/ Win11/ 4GB Graph),52990,65.0,11th Gen Intel Core i5 11400H ,"Hexa Core, 12 Threads",8 GB DDR4 RAM,1 TB SSD,"15.6 inches, 1920 x 1080 pixels",4 GB NVIDIA GeForce RTX 2050,Windows 11 OS,1 Year Warranty,8,1024.0
Dell Inspiron 5430 2023 Laptop (13th Gen Core i7/ 16GB/ 512GB SSD/ Win11),84899,53.0,13th Gen Intel Core i7 1355U,"10 Cores (2P + 8E), 12 Threads",16 GB LPDDR5  RAM,512 GB SSD,"14 inches, 1920 x 1080 pixels",Intel Iris Xe Graphics,Windows 11 OS,1 Year Warranty,16,512.0
Lenovo ThinkBook 15 G5 21JFA00QIN Laptop (AMD Ryzen 7 7730U/ 8 GB/ 512 GB SSD/ DOS),46400,59.0,7th Gen AMD Ryzen 7 7730U,"Octa Core, 16 Threads",8 GB DDR4 RAM,512 GB SSD,"15.6 inches, 1920 x 1080 pixels",AMD Radeon AMD,DOS OS,1 Year Warranty,8,512.0
Ninkear A16 Gaming Laptop (AMD Ryzen 7 7735HS/ 32 GB RAM/ 2 TB SSD/ Win 11),79999,73.0,7th Gen AMD Ryzen 7 7735HS,"Octa Core, 16 Threads",32 GB DDR5 RAM,2 TB SSD,"16 inches, 2560 x 1600 pixels",AMD Radeon 680M,Windows 11 OS,1 Year Warranty,32,1024.0
Lenovo IdeaPad Gaming 3 82K2022VIN Laptop (AMD Ryzen 5-5600H/ 8GB/ 512GB SSD/ Win11 Home/ 4GB Graph),63590,63.0,5th Gen AMD Ryzen 5  5600H,"Hexa Core, 12 Threads",8 GB DDR4 RAM,512 GB SSD,"15.6 inches, 1920 x 1080 pixels",4 GB NVIDIA GeForce GTX 1650,Windows 11 OS,1 Year Warranty,8,512.0
Lenovo IdeaPad Gaming 3 15IHU6 82K101M5IN Laptop (11th Gen Core i5/ 16GB/ 512GB SSD/ Win11 Home/ 4GB Graph),54990,64.0,11th Gen Intel Core i5 11320H,"Quad Core, 8 Threads",16 GB DDR4 RAM,512 GB SSD,"15.6 inches, 1920 x 1080 pixels",4 GB NVIDIA GeForce GTX 1650,Windows 11 OS,1 Year Warranty,16,512.0
HP 14-em0026AU Laptop (AMD Ryzen 5 7520U/ 8GB/ 512GB SSD/ Win11 Home),43400,54.0,7th Gen AMD Ryzen 5 7520U,"Quad Core, 8 Threads",8 GB LPDDR5 RAM,512 GB SSD,"14 inches, 1920 x 1080 pixels",AMD Radeon AMD,Windows 11 OS,1 Year Warranty,8,512.0
MSI GF75 Thin 10SCXR-007IN Laptop (10th Gen Core i7/ 8GB/ 512GB SSD/ Win10/ 4GB Graph),83500,64.0,10th Gen Intel Core i7 10750H ,"Hexa Core, 12 Threads",8 GB DDR4 RAM,512 GB SSD,"17.3 inches, 1920 x 1080 pixels",4 GB NVIDIA GeForce GTX 1650,Windows 10  OS,1 Year Warranty,8,512.0
MSI Cyborg 15 A12VF-049IN Gaming Laptop (12th Gen Core i7/ 16GB/ 512GB SSD/ Win11 Home/ 8GB Graph),109990,73.0,12th Gen Intel Core i7 12650H,"10 Cores (6P + 4E), 16 Threads",16 GB DDR5 RAM,512 GB SSD,"15.6 inches, 1920 x 1080 pixels",8 GB NVIDIA GeForce RTX 4060,Windows 11 OS,2 Year Warranty,16,512.0
Dell Vostro 5620 Laptop (12th Gen Core i3/ 8GB/ 512GB SSD/ Win11),46899,55.0,12th Gen Intel Core i3 1215U,"Hexa Core (2P + 4E), 8 Threads",8 GB DDR4 RAM,512 GB SSD,"16 inches, 1920 x 1080 pixels",Intel UHD,Windows 11  OS,1 Year Warranty,8,512.0
Lenovo ‎ThinkPad E14 Gen 4 21E3S06Q00 Laptop (12th Gen Core i3/ 8GB/ 512GB SSD/ DOS),47999,53.0,12th Gen Intel Core i3 1215U,"Hexa Core (2P + 4E), 8 Threads",8 GB DDR4 RAM,512 GB SSD,"14 inches, 1920 x 1080 pixels",Intel UHD,DOS OS,1 Year Warranty,8,512.0
Asus TUF Gaming F15 2022 FX507ZC4-HN116W Gaming Laptop (12th Gen Core i5/ 16GB/512GB SSD/ Win11 / 4GB Graph),72990,71.0,12th Gen Intel Core i5 12500H,"12 Cores (4P + 8E), 16 Threads",16 GB DDR4 RAM,512 GB SSD,"15.6 inches, 1920 x 1080 pixels",4 GB NVIDIA GeForce RTX 3050,Windows 11 OS,1 Year Warranty,16,512.0
Lenovo IdeaPad Slim 3 82XQ008EIN Laptop (AMD Ryzen 3 7320U/ 8GB/ 512GB SSD/ Win11 Home),32590,53.0,7th Gen AMD Ryzen 3 7320U,"Quad Core, 8 Threads",8 GB LPDDR5 RAM,512 GB SSD,"15.6 inches, 1920 x 1080 pixels",AMD Radeon 610M Graphics,Windows 11 OS,1 Year Warranty,8,512.0
Acer Aspire 3 A315-510P Laptop (Intel Core i3 N305/ 8GB/ 256GB SSD/ Win11 Home),31899,61.75651041666666,Intel Core i3 N305,"Octa Core, 8 Threads",8 GB DDR4 RAM,256 GB SSD,"15.6 inches, 1920 x 1080 pixels",Intel UHD Graphics,Windows 11 OS,1 Year Warranty,8,256.0
Dell Inspiron 16 5635 Laptop (AMD Ryzen 5 7530U/ 8GB/ 512GB SSD/ Win11),55990,59.0,7th Gen Amd Ryzen 5 7530U,"Hexa Core, 12 Threads",8 GB LPDDR5  RAM,512 GB SSD,"16 inches, 1920 x 1200 pixels",AMD Radeon Graphics,Windows 11 OS,1 Year Warranty,8,512.0
Razer Blade 14 2023 Gaming Laptop (AMD Ryzen 9 7940HS/ 32GB/ 1TB SSD/ Win11 Home/ 8GB Graph),199990,61.75651041666666,7th Gen Amd Ryzen 9 7940HS,"Octa Core, 16 Threads",32 GB DDR5 RAM,1 TB SSD,"14 inches, 2560 x 1600 pixels",8 GB NVIDIA GeForce RTX 4060,Windows 11 OS,1 Year Warranty,32,1024.0
MSI Thin GF63 11UCX-1476IN Gaming Laptop (11th Gen Core i5/ 16GB/ 512GB SSD/ Win11 Home/ 4GB Graph),51490,66.0,11th Gen Intel Core i5 11260H,"Hexa Core, 12 Threads",16 GB DDR4 RAM,512 GB SSD,"15.6 inches, 1920 x 1080 pixels",4 GB NVIDIA GeForce RTX 2050 ,Windows 11 OS,2 Year Warranty,16,512.0
Acer Nitro 5 AN515-58 NH.QLZSI.001 Gaming Laptop (12th Gen Core i7/ 16GB/ 512GB SSD/ Win11/ 6GB Graph),89990,68.0,12th Gen Intel Core i7 12650H,"10 Cores (6P + 4E), 16 Threads",16 GB DDR4 RAM,512 GB SSD,"15.6 inches, 1920 x 1080 pixels",6 GB NVIDIA GeForce RTX 4050,Windows 11 OS,1 Year Warranty,16,512.0
Asus Vivobook 16X 2023 K3605ZF-MBN524WS Laptop (12th Gen Core i5/ 8GB/ 512GB SSD/ Win11 Home/ 4GB Graph),57990,65.0,12th Gen Intel Core i5 12450H,"Octa Core (4P + 4E), 12 Threads",8 GB DDR4 RAM,512 GB SSD,"16 inches, 1920 x 1200 pixels",4 GB NVIDIA Geforce RTX 2050,Windows 11 OS,1 Year Warranty,8,512.0
Acer Aspire 5 A514-56M 2023 Gaming Laptop (13th Gen Core i5/ 8GB/ 512GB SSD/ Win11 Home),53990,61.75651041666666,13th Gen Intel Core i5 1335U,"10 Cores (2P + 8E), 12 Threads",8 GB LPDDR5 RAM,512 GB SSD,"14 inches, 1920 x 1200 pixels",Intel Iris Xe Graphics,Windows 11 OS,1 Year Warranty,8,512.0
MSI Bravo 15 C7VFK-087IN Gaming Laptop (AMD Ryzen 7 7735HS/ 16GB/ 1TB SSD/ Win11 Home/ 8GB Graph),99990,74.0,7th Gen AMD Ryzen 7  7735HS,"Octa Core, 16 Threads",16 GB DDR5 RAM,1 TB SSD,"15.6 inches, 1920 x 1080 pixels",8 GB Nvidia GeForce RTX 4060,Windows 11 OS,1 Year Warranty,16,1024.0
MSI Bravo 15 C7UDXK-092IN Gaming Laptop (AMD Ryzen 7 7735HS/ 16 GB RAM/ 512 GB SSD/ Win 11/ 6 GB Graphics),95000,66.0,7th Gen AMD Ryzen 7 7735HS,"Octa Core, 16 Threads",16 GB DDR5 RAM,512 GB SSD,"15.6 inches, 1920 x 1080 pixels",6 GB NVIDIA GeForce RTX 3050,Windows 11 OS,2 Year Warranty,16,512.0
MSI Bravo 15 C7UCXK-095IN Gaming Laptop (AMD Ryzen 5 7535HS/ 8 GB RAM/ 512 GB SSD/ Win 11/ 4 GB Graphics),53990,61.0,7th Gen AMD Ryzen 5 7535HS,"Hexa Core, 12 Threads",8 GB DDR5 RAM,512 GB SSD,"15.6 inches, 1920 x 1080 pixels",4 GB NVIDIA GeForce RTX 2050,Windows 11 OS,2 Year Warranty,8,512.0
MSI Bravo 15 C7UDXK-093IN Gaming Laptop (AMD Ryzen 5 7535HS/ 16 GB RAM/ 512 GB SSD/ Win 11/ 6 GB Graphics),74990,65.0,7th Gen AMD Ryzen 5 7535HS,"Hexa Core, 12 Threads",16 GB DDR5 RAM,512 GB SSD,"15.6 inches, 1920 x 1080 pixels",6 GB NVIDIA GeForce RTX 3050,Windows 11 OS,2 Year Warranty,16,512.0
MSI Bravo 17 C7VFK-034IN Gaming Laptop (AMD Ryzen 7 7735HS/ 16GB/ 1TB SSD/ Win11 Home/8GB Graph),107990,74.0,7th Gen AMD Ryzen 7 7735HS,"Octa Core, 16 Threads",16 GB DDR5 RAM,1 TB SSD,"17.3 inches, 1920 x 1080 pixels",8 GB Nvidia GeForce RTX 4060,Windows 11 OS,1 Year Warranty,16,1024.0
Asus TUF Gaming F15 2022 FX507ZC4-HN115W Gaming Laptop (12th Gen Core i5/ 8GB/512GB SSD/ Win11 / 4GB Graph),70990,68.0,12th Gen Intel Core i5 12500H,"12 Cores (4P + 8E), 16 Threads",8 GB DDR5 RAM,512 GB SSD,"15.6 inches, 1920 x 1080 pixels",4 GB NVIDIA GeForce RTX 3050,Windows 11 OS,1 Year Warranty,8,512.0
MSI Bravo 17 C7VEK-035IN Gaming Laptop (AMD Ryzen 7 7735HS/ 16GB/ 1TB SSD/ Win11 Home/ 6GB Graph),94990,72.0,7th Gen AMD Ryzen 7 7735HS,"Octa Core, 16 Threads",16 GB DDR5 RAM,1 TB SSD,"17.3 inches, 1920 x 1080 pixels",6 GB Nvidia GeForce RTX 4050,Windows 11 OS,1 Year Warranty,16,1024.0
Asus Vivobook 15 X1502ZA-EJ541WS Laptop (12th Gen Core i5/ 16GB/ 512GB SSD/ Win11),52990,62.0,12th Gen Intel Core i5 12500H,"12 Cores (4P + 8E), 16 Threads",16 GB DDR4 RAM,512 GB SSD,"15.6 inches, 1920 x 1080 pixels",Intel Iris Xe,Windows 11 OS,1 Year Warranty,16,512.0
MSI Thin GF63 11UCX-1471IN Gaming Laptop (11th Gen Core i5/ 8GB/ 512GB SSD/ Win11 Home/ 4GB Graph),48990,62.0,11th Gen Intel Core i5 11260H,"Hexa Core, 12 Threads",8 GB DDR4 RAM,512 GB SSD,"15.6 inches, 1920 x 1080 pixels",4 GB NVIDIA GeForce RTX 2050,Windows 11 OS,2 Year Warranty,8,512.0
MSI Bravo 15 C7VEK-088IN Gaming Laptop (AMD Ryzen 7 7735HS/ 16GB/ 1TB SSD/ Win11 Home/ 6GB Graph),92990,72.0,7th Gen AMD Ryzen 7  7735HS,"Octa Core, 16 Threads",16 GB DDR5 RAM,1 TB SSD,"15.6 inches, 1920 x 1080 pixels",6 GB Nvidia GeForce RTX 4050,Windows 11 OS,1 Year Warranty,16,1024.0
Asus Vivobook 15 X1504ZA-NJ521WS Laptop (12th Gen Core i5/ 8GB/ 512GB SSD/ Win11),47890,54.0,12th Gen Intel Core i5 1235U,"10 Cores (2P + 8E), 12 Threads",8 GB DDR4 RAM,512 GB SSD,"15.6 inches, 1920 x 1080 pixels",Integrated Intel Iris Xe Graphics,Windows 11 OS,1 Year Warranty,8,512.0
MSI Bravo 15 C7VEK-089IN Gaming Laptop (AMD Ryzen 5 7535HS/ 16GB/ 512GB SSD/ Win11 Home/ 6GB Graph),77990,70.0,7th Gen AMD Ryzen 5 7535HS,"Hexa Core, 12 Threads",16 GB DDR5 RAM,512 GB SSD,"15.6 inches, 1920 x 1080 pixels",6 GB Nvidia GeForce RTX 4050,Windows 11 OS,1 Year Warranty,16,512.0
HP 255 G9 7M654PA Laptop (12th Gen Core i3/ 8GB/ 512 GB SSD/ Win11),38900,57.0,12th Gen Intel Core i3 1215U,"Hexa Core (2P + 4E), 8 Threads",8 GB DDR4 RAM,512 GB SSD,"15.6 inches, 1366 x 768 pixels",AMD Radeon Graphics,Windows 11 OS,1 Year Warranty,8,512.0
HP Pavilion 15-eg3079TU Laptop (13th Gen Core i5/ 16GB/ 512GB SSD/ Win11 Pro),69990,62.0,13th Gen Intel Core i5 1340p,"12 Cores (4P + 8E), 16 Threads",16 GB DDR4 RAM,512 GB SSD,"15.6 inches, 1920 x 1080 pixels",Intel Integrated Intel Iris Xe Graphics,Windows 11 OS,1 Year Warranty,16,512.0
Dell Inspiron 5620 ICC-C783531WIN8 Laptop (12th Gen Core i5/ 16GB/ 512GB SSD/ Win11/ 2GB Graph),69190,69.0,12th Gen Intel Core i5 1240P,"12 Cores (4P + 8E), 16 Threads",16 GB DDR4 RAM,512 GB SSD,"16 inches, 1920 x 1080 pixels",2 GB NVIDIA GeForce MX570,Windows 11 OS,1 Year Warranty,16,512.0
Lenovo ThinkPad T14 2022 Laptop (12th Gen Core i7/ 16GB/ 512GB SSD/ Win11 Pro),94990,69.0,12th Gen Intel Core i7 1260P,"12 Cores (4P + 8E), 16 Threads",16 GB DDR4 RAM,512 GB SSD,"14 inches, 1920 x 1200 pixels",Intel Iris Xe Graphics,Windows 11 OS,1 Year Warranty,16,512.0
MSI Modern 14 C12M-670IN Laptop (12th Gen Core i7/ 8GB/ 512GB SSD/ Win11 Home) Price,60990,57.0,12th Gen Intel Core i7 1255U,"10 Cores (2P + 8E), 12 Threads",8 GB DDR4 RAM,512 GB SSD,"14 inches, 1920 x 1080 pixels",Intel Integrated Iris Xe,Windows 11 OS,1 Year Warranty,8,512.0
Dell XPS 17 9730 Laptop (13th Gen Core i9/ 32GB/ 1TB SSD/ Win11/ 8GB Graph),355490,61.75651041666666,13th Gen Intel Core i9 13900H,"14 Cores (6P + 8E), 20 Threads",32 GB DDR5 RAM,1 TB SSD,"17 inches, 3840 x 2400 pixels, Touch Screen",8 GB NVIDIA GeForce RTX 4070,Windows 11 OS,1 Year Warranty,32,1024.0
MSI Thin GF63 11UC-1475IN Gaming Laptop (11th Gen Core i5/ 8GB/ 512GB SSD/ Win11 Home/ 4GB Graph),51990,65.0,11th Gen Intel Core i5 11260H,"Hexa Core, 12 Threads",8 GB DDR4 RAM,512 GB SSD,"15.6 inches, 1920 x 1080 pixels",4 GB NVIDIA GeForce RTX 3050 ,Windows 11 OS,2 Year Warranty,8,512.0
MSI Thin GF63 11UC-1474IN Gaming Laptop (11th Gen Core i5/ 16GB/ 512GB SSD/ Win11 Home/ 4GB Graph),51990,66.0,11th Gen Intel Core i5 11260H,"Hexa Core, 12 Threads",16 GB DDR4 RAM,512 GB SSD,"15.6 inches, 1920 x 1080 pixels",4 GB NVIDIA GeForce RTX 3050 ,Windows 11 OS,2 Year Warranty,16,512.0
Dell XPS 17 9730 Laptop (13th Gen Core i7/ 32GB/ 1TB SSD/ Win11/ 8GB Graph),303490,61.75651041666666,13th Gen Intel Core i7 13700H,"14 Cores (6P + 8E), 20 Threads",32 GB DDR5 RAM,1 TB SSD,"17 inches, 3840 x 2400 pixels, Touch Screen",8 GB NVIDIA GeForce RTX 4060,Windows 11 OS,1 Year Warranty,32,1024.0
Dell XPS 13 Plus 9320 2023 Laptop (13th Gen Core i7/ 32GB/ 1TB SSD/ Win11),202490,79.0,13th Gen Intel Core i7 1360P,"12 Cores (4P + 8E), 16 Threads",32 GB LPDDR5 RAM,1 TB SSD,"13.4 inches, 3840 x 2400 pixels, Touch Screen",Intel Iris Xe Graphics,Windows 11 OS,1 Year Warranty,32,1024.0
MSI Prestige 13 Evo A12M-085IN Laptop (12th Gen Core i5/ 8GB/ 512GB SSD/Win11 Home),77990,61.0,12th Gen Intel Core i5 1240P,"12 Cores (4P + 8E), 16 Threads",8 GB LPDDR5 RAM,512 GB SSD,"13.3 inches, 1920 x 1200 pixels",Intel Integrated Iris Xe,Windows 11 OS,2 Year Warranty,8,512.0
Dell XPS 9530 2023 Laptop (13th Gen Core i7/ 32GB/ 1TB SSD/ Win11/ 6GB Graph),249990,61.75651041666666,13th Gen Intel Core i7 13700H,"14 Cores (6P + 8E), 20 Threads",32 GB DDR5 RAM,1 TB SSD,"15.6 inches, 3456 x 2160 pixels, Touch Screen",6 GB NVIDIA RTX 4050,Windows 11 OS,1 Year Warranty,32,1024.0
MSI Modern 14 C12M-671IN Laptop (12th Gen Core i7/ 16GB/ 512GB SSD/ Win11 Home),50990,59.0,12th Gen Intel Core i7 1255U,"10 Cores (2P + 8E), 12 Threads",16 GB DDR4 RAM,512 GB SSD,"14 inches, 1920 x 1080 pixels",Intel Integrated Iris Xe,Windows 11 OS,1 Year Warranty,16,512.0
Lenovo Legion Slim 7i 2023 Gaming Laptop (13th Gen Core i5/ 16GB/ 1TB SSD/ Win11 Home/ 8GB Graph),157544,69.0,13th Gen Intel Core i5 13500H ,"12 Cores (4P + 8E), 16 Threads",16 GB DDR5 RAM,1 TB SSD,"16 inches, 3200 x 2000 pixels",8 GB NVIDIA Geforce RTX 4060,Windows 11 OS,1 Year Warranty,16,1024.0
Lenovo Legion Pro 7i 2023 Gaming Laptop (13th Gen Core i9/ 32GB/ 1TB SSD/ Win11 Home/ 12GB Graph),286200,61.75651041666666,13th Gen Intel Core i9 13900HX,"24 Cores (8P + 16E), 32 Threads",32 GB DDR5 RAM,1 TB SSD,"16 inches, 2560 x 1600 pixels",12 GB NVIDIA Geforce RTX 4080,Windows 11 OS,1 Year Warranty,32,1024.0
Lenovo Thinkpad E14 G4 21E3006UIG Laptop (12th Gen Core i5/ 8GB/ 512GB SSD/ DOS),64390,59.0,12th Gen Intel Core i5 1235U,"10 Cores (2P + 8E), 12 Threads",8 GB DDR4 RAM,512 GB SSD,"14 inches, 1920 x 1080 pixels",Intel Iris Xe Graphics,DOS OS,1 Year Warranty,8,512.0
Lenovo Thinkpad E14 G4 21E3S02M00 Laptop (12th Gen Core i7/ 16GB/ 512GB SSD/ Win11 Pro),124000,69.0,12th Gen Intel Core i7 1255U,"10 Cores (2P + 8E), 12 Threads",16 GB DDR4 RAM,512 GB SSD,"14 inches, 1920 x 1080 pixels",Intel Iris Xe Graphics,Windows 11 OS,1 Year Warranty,16,512.0
Lenovo Legion Pro 5 82WM00B5IN 2023 Gaming Laptop (AMD Ryzen 7 7745HX/ 16GB/ 1TB SSD/ Win11 Home/ 8GB Graph),142190,75.0,7th Gen AMD Ryzen 7 7745HX,"Octa Core, 16 Threads",16 GB DDR5 RAM,1 TB SSD,"16 inches, 2560 x 1600 pixels",8 GB NVIDIA Geforce RTX 4060,Windows 11 OS,1 Year Warranty,16,1024.0
Lenovo V15 G3 IAP 82TTA00UIH Laptop (12th Gen Core i3/ 8GB/ 512GB SSD/ DOS),32500,50.0,12th Gen Intel Core i3 1215U,"Hexa Core (2P + 4E), 8 Threads",8 GB DDR4 RAM,512 GB SSD,"15.6 inches, 1920 x 1080 pixels",Intel Integrated UHD,DOS OS,1 Year Warranty,8,512.0
LG Gram 17 2023 17Z90R-G.CH77A2 Laptop (13th Gen Core i7/ 16GB/ 1TB SSD/ Win11/ 4GB Graphic),146990,73.0,13th Gen Intel Core i7 1360P,"12 Cores (4P + 8E), 16 Threads",16 GB LPDDR5 RAM,1 TB SSD,"17 inches, 1600 x 2560 pixels",4 GB Nvidia RTX 3050,Windows 11 OS,1 Year Warranty,16,1024.0
LG Gram 14 2023 14Z90R Laptop (13th Gen Core i5/ 8GB/ 512GB SSD/ Win11),127000,68.0,13th Gen Intel Core i5 1340P,"12 Cores (4P + 8E), 16 Threads",8 GB LPDDR5 RAM,512 GB SSD,"14 inches, 1200 x 1920 pixels, Touch Screen",Intel Iris Xe Graphics,Windows 11 OS,1 Year Warranty,8,512.0
LG UltraPC 16 16U70R-G.AH76A2 Laptop (AMD Ryzen7-7730U/ 16GB/ 512GB SSD/ Win11),89799,70.0,7th Gen AMD Ryzen 7 7730U,"Octa Core, 16 Threads",16 GB DDR4 RAM,512 GB SSD,"16 inches, 1920 x 1200 pixels, Touch Screen",AMD Radeon 7 Graphics,Windows 11 OS,1 Year Warranty,16,512.0
Dell Inspiron 3525 D560927WIN9S Laptop (AMD Ryzen 5-5500U/ 8GB/ 512GB SSD/ Win11),38999,51.0,5th Gen AMD Ryzen 5  5500u,"Hexa Core, 12 Threads",8 GB DDR4 RAM,512 GB SSD,"15.6 inches, 1920 x 1080 pixels",AMD Radeon,Windows 11 OS,1 Year Warranty,8,512.0
AXL Vayu Book LAP02 Laptop (Celeron N4020/ 4GB/ 256GB SSD / Win11 Home),15990,61.75651041666666,Intel Celeron  N4020,"Dual Core, 2 Threads",4 GB DDR4 RAM,256 GB SSD,"15.6 inches, 1920 x 1080 pixels",Intel Integrated UHD Graphics,Windows 11 OS,1 Year Warranty,4,256.0
AXL Vayu Book LAP01 Laptop (Celeron N4020/ 4GB/ 128GB SSD / Win11 Home),12990,61.75651041666666,Intel Celeron  N4020,"Dual Core, 2 Threads",4 GB DDR4 RAM,128 GB SSD,"14.1 inches, 1920 x 1080 pixels",Intel Integrated UHD Graphics,Windows 11 OS,1 Year Warranty,4,128.0
MSI Modern 14 C12M-444IN Laptop (12th Gen Core i3/ 16GB/ 512GB SSD/ Win11 Home),34990,55.0,12th Gen Intel Core i3 1215U,"Hexa Core (2P + 4E), 8 Threads",16 GB DDR4 RAM,512 GB SSD,"14 inches, 1920 x 1080 pixels",Intel Integrated UHD,Windows 11 OS,1 Year Warranty,16,512.0
MSI Modern 14 C7M-218IN Laptop (Ryzen 7 7730U/ 16GB/ 512GB SSD/ Win11),52990,61.0,7th Gen AMD Ryzen 7 7730U,"Octa Core, 16 Threads",16 GB DDR4 RAM,512 GB SSD,"14 inches, 1920 x 1080 pixels",AMD Radeon AMD,Windows 11 OS,1 Year Warranty,16,512.0
Lenovo S14 82TW0019IH Laptop (12th Gen Core i5/ 8GB/ 512GB SSD/ Win11 Home),45490,52.0,12th Gen Intel Core i5 1235U,"10 Cores (2P + 8E), 12 Threads",8 GB DDR4 RAM,512 GB SSD,"14 inches, 1920 x 1080 pixels",Integrated Intel UHD Graphics,Windows 11 OS,1 Year Warranty,8,512.0
Asus Vivobook 14X 90NB11H2-M004D0 Laptop (12th Gen Core i5/ 16GB/ 512GB SSD/ Win11/4 GB Graphics),64990,64.0,12th Gen Intel Core i5 12450H,"Octa Core (4P + 4E), 12 Threads",16 GB DDR4 RAM,512 GB SSD,"14 inches, 1920 x 1200 pixels",4 GB NVIDIA GeForce RTX 2050,Windows 11 OS,1 Year Warranty,16,512.0
HP Pavilion 15-EH3101AU Laptop (AMD Ryzen 7-7730U/ 16GB/ 512GB SSD/ Win11 Home),58800,63.0,7th Gen AMD Ryzen 7 7730U,"Octa Core, 16 Threads",16 GB DDR4 RAM,512 GB SSD,"15.6 inches, 1920 x 1080 pixels",AMD Radeon Vega 8 Graphics,Windows 11 OS,1 Year Warranty,16,512.0
Lenovo V15 G2 ALC 82KDA01YIH Laptop (AMD Ryzen 5 5500U/ 8GB/ 512GB SSD/ DOS),33990,61.75651041666666,5th Gen AMD Ryzen 5 5500U,"Hexa Core, 12 Threads",8 GB DDR4 RAM,512 GB SSD,"15.6 inches, 1920 x 1080 pixels",AMD Radeon AMD,DOS OS,1 Year Warranty,8,512.0
Asus Vivobook Pro 15 M6500QF-HN741WS  Laptop (Ryzen 7 5800H/ 16GB/ 512GB SSD/ Win11/ 4GB Graph),62990,60.0,5th Gen AMD Ryzen 7 5800H,"Octa Core, 16 Threads",16 GB DDR4 RAM,512 GB SSD,"15.6 inches, 1920 x 1080 pixels",4 GB NVIDIA GeForce RTX 2050,Windows 11 OS,1 Year Warranty,16,512.0
Asus Vivobook Pro 15 M6500QF-HN521WS Laptop (Ryzen 5 5600HS/ 8GB/ 512GB SSD/ Win11/ 4GB Graph),49990,56.0,5th Gen AMD Ryzen 5 5600HS,"Hexa Core, 12 Threads",8 GB DDR4 RAM,512 GB SSD,"15.6 inches, 1920 x 1080 pixels",4 GB NVIDIA GeForce RTX 2050,Windows 11 OS,1 Year Warranty,8,512.0
HP Victus 16 16-d0309TX Laptop (11th Gen Core i5/ 8GB/ 512GB SSD/ Win11 Home/ 4GB Graph),56999,65.0,11th Gen Intel Core i5 11400H ,"Hexa Core, 12 Threads",8 GB DDR4 RAM,512 GB SSD,"16.1 inches, 1920 x 1080 pixels",4 GB NVIDIA GeForce GTX 1650 ,Windows 11 OS,1 Year Warranty,8,512.0
Lenovo V15 G4 82YU00W6IN Laptop (AMD Ryzen 3 7320U/ 8GB/ 512GB SSD/ DOS),27490,51.0,7th Gen AMD Ryzen 3 7320U,"Quad Core, 8 Threads",8 GB LPDDR5 RAM,512 GB SSD,"15.6 inches, 1920 x 1080 pixels",AMD Radeon Graphics,DOS OS,1 Year Warranty,8,512.0
Asus VivoBook 14 X415EA-EK326WS Notebook (11th Gen Core i3/ 8GB/ 512GB SSD/ Win11 Home),31990,54.0,11th Gen Intel Core i3 1115G4,"Dual Core, 4 Threads",8 GB DDR4 RAM,512 GB SSD,"14 inches, 1920 x 1080 pixels",Intel Integrated Intel UHD,Windows 11 OS,1 Year Warranty,8,512.0
Acer Aspire 7 A715-76G UN.QMESI.004 Gaming Laptop (12th Gen Core i5/ 16GB/ 512GB SSD/ Win11 Home/ 4GB Graph),54189,63.0,12th Gen Intel Core i5 12450H,"Octa Core (4P + 4E), 12 Threads",16 GB DDR4 RAM,512 GB SSD,"15.6 inches, 1920 x 1080 pixels",4 GB NVIDIA GeForce GTX 1650,Windows 11 OS,1 Year Warranty,16,512.0
Dell Alienware x14 R2 Gaming Laptop (13th Gen Core i7/ 16GB/ 1TB SSD/ Win 11/ 6GB Graph),199990,71.0,13th Gen Intel Core i7 13620H,"10 Cores (6P + 4E), 16 Threads",16 GB LPDDR5 RAM,1 TB SSD,"14 inches, 2560 x 1600 pixels",6 GB NVIDIA GEFORCE RTX 4050,Windows 11 OS,1 Year Warranty,16,1024.0
Asus VivoBook 15 X515EA-EJ328WS Laptop (11th Gen Core i3/ 8GB/ 512GB SSD/ Win11),35083,50.0,11th Gen Intel Core i3 1115G4,"Dual Core, 4 Threads",8 GB DDR4 RAM,512 GB SSD,"15.6 inches, 1920 x 1080 pixels",Intel Integrated Integrated,Windows 11 OS,1 Year Warranty,8,512.0
Dell Vostro 5630 Laptop (13th Gen Core i7/ 16GB/ 512GB SSD/ Win11),95590,61.0,13th Gen Intel Core i7 1355U,"10 Cores (2P + 8E), 12 Threads",16 GB DDR4 RAM,512 GB SSD,Windows 11  OS,"16 inches, 1920 x 1080 pixels",1 Year Warranty,Backlit Keyboard,16,512.0
Lenovo V15 G3 IAP Laptop (12th Gen Core i3/ 8GB/ 512GB SSD/Win11),33990,50.0,12th Gen Intel Core i3 1215U,"Hexa Core (2P + 4E), 8 Threads",8 GB DDR4 RAM,512 GB SSD,"15.6 inches, 1920 x 1080 pixels",Intel Integrated UHD,Windows 11 OS,1 Year Warranty,8,512.0
Lenovo Thinkpad E14 20TA00J2IG Laptop (11th Gen Core i5/ 16GB/ 512GB SSD/ Win11 Pro),65000,57.0,11th Gen Intel Core i5 1135G7,"Quad Core, 8 Threads",16 GB DDR4 RAM,512 GB SSD,"14 inches, 1920 x 1080 pixels",Intel Iris Xe Graphics,Windows 11 OS,3 Year Warranty,16,512.0
Lenovo V14 G3 IAP Laptop (12th Gen Core i5/ 8GB/ 512GB SSD/ Win11),45990,52.0,12th Gen Intel Core i5 1235U,"10 Cores (2P + 8E), 12 Threads",8 GB DDR4 RAM,512 GB SSD,"14 inches, 1920 x 1080 pixels",Intel Integrated UHD,Windows 11 OS,1 Year Warranty,8,512.0
Lenovo V14 G3 IAP Laptop (12th Gen Core i3/ 8GB/ 512GB SSD/ Win11),32490,50.0,12th Gen Intel Core i3 1215U ,"Hexa Core (2P + 4E), 8 Threads",8 GB DDR4 RAM,512 GB SSD,"14 inches, 1920 x 1080 pixels",Intel Integrated UHD,Windows 11 OS,1 Year Warranty,8,512.0
Lenovo V15 G3 Laptop (12th Gen Core i5/ 8GB/ 512GB SSD/Win11),45900,52.0,12th Gen Intel Core i5 1235U,"10 Cores (2P + 8E), 12 Threads",8 GB DDR4 RAM,512 GB SSD,"15.6 inches, 1920 x 1080 pixels",Intel Integrated UHD,Windows 11 OS,1 Year Warranty,8,512.0
Lenovo V15 G3 ‎‎82C7007SGE Laptop (AMD Ryzen 3 7320U/ 8GB/ 512GB SSD/ Win11 Home),27130,55.0,7th Gen AMD Ryzen 3 7320U,"Quad Core, 8 Threads",8 GB DDR4 RAM,512 GB SSD,"15.6 inches, 1920 x 1080 pixels",AMD Radeon Graphics,Windows 11 OS,1 Year Warranty,8,512.0
Lenovo IdeaPad Slim 3 82H803B6IN Laptop (11th Gen Core i7/ 16GB/ 512GB SSD/ Win11),56900,61.0,11th Gen Intel Core i7 1165G7,"Quad Core, 8 Threads",16 GB DDR4 RAM,512 GB SSD,"15.6 inches, 1920 x 1080 pixels",Integrated Intel Iris Xe Graphics,Windows 11 OS,1 Year Warranty,16,512.0
Dell Inspiron 5630 2023 Laptop (13th Gen Core i5 1335U/ 16GB/ 512GB SSD/ Win11),79990,63.0,13th Gen Intel Core i5 1335U,"10 Cores (2P + 8E), 12 Threads",16 GB LPDDR5  RAM,512 GB SSD,"16 inches, 2560 x 1600 pixels",Intel Iris Xe Graphics,Windows 11 OS,1 Year Warranty,16,512.0
HP 15s-ey1509AU Laptop (AMD Athlon Silver 3050U/ 8GB/ 512GB SSD/ Win11),27490,61.75651041666666,3rd Gen AMD Athlon 3050U,"Dual Core, 2 Threads",8 GB DDR4 RAM,512 GB SSD,"15.6 inches, 1366 x 768 pixels",AMD Radeon AMD,Windows 11 OS,1 Year Warranty,8,512.0
Dell 2023 ‎G16-7630 Gaming Laptop (13th Gen Core i7/ 32GB/ 1TB SSD/ Win11/ 8GB Graph),166490,78.0,13th Gen Intel Core i7 13650HX,14 Cores (6P + 8E),32 GB DDR5 RAM,1 TB SSD,"16 inches, 2560 x 1600 pixels",8 GB NVIDIA GeForce RTX 4060,Windows 11 OS,1 Year Warranty,32,1024.0
Dell ‎G16-7630 2023 Gaming Laptop (13th Gen Core i7/ 16GB/ 1TB SSD/ Win11/ 8GB Graph),139990,74.0,13th Gen Intel Core i7 13650HX,14 Cores (6P + 8E),16 GB DDR5 RAM,1 TB SSD,"16 inches, 2560 x 1600 pixels",8 GB NVIDIA GeForce RTX 4060,Windows 11 OS,1 Year Warranty,16,1024.0
Dell Inspiron 3530 Laptop (13th Gen Core i5/ 8GB/ 512GB SSD/ Win11 Home),57990,51.0,13th Gen Intel Core i5 1335U,"10 Cores (2P + 8E), 12 Threads",8 GB DDR4 RAM,512 GB SSD,"15.6 inches, 1920 x 1080 pixels",Intel Integrated UHD,Windows 11 OS,1 Year Warranty,8,512.0
HP Victus 16-d0302TX Gaming Laptop (11th Gen Core i5/ 8GB/ 512GB SSD/ Win11/ 4GB Graph),55999,65.0,11th Gen Intel Core i5 11400H ,"Hexa Core, 12 Threads",8 GB DDR4 RAM,512 GB SSD,"16.1 inches, 1920 x 1080 pixels",4 GB NVIDIA GeForce GTX 1650,Windows 11 OS,1 Year Warranty,8,512.0
MSI Stealth 17 Studio A13VG-024IN Gaming Laptop (13th Gen Core i7/ 32GB/ 2TB SSD/ Win11 Home/ 8GB Graph),210990,61.75651041666666,13th Gen Intel Core i7 13700H,"14 Cores (6P + 8E), 20 Threads",32 GB DDR5 RAM,2 TB SSD,"17.3 inches, 2560 x 1440 pixels",8 GB NVIDIA GeForce RTX 4070,Windows 11 OS,2 Year Warranty,32,1024.0
Dell Inspiron 7430 IC7430FD64T001ORS1 Laptop (13th Gen Core i7/ 16GB/ 512GB SSD/ Win11),99950,59.0,13th Gen Intel Core i7 1355U,"10 Cores (2P + 8E), 12 Threads",16 GB LPDDR5 RAM,512 GB SSD,"14 inches, 1920 x 1200 pixels, Touch Screen",Intel Iris Xe Graphics,Windows 11 OS,1 Year Warranty,16,512.0
HP Omen 17-cm2003TX Gaming Laptop (13th Gen Core i7/ 16GB/ 1TB SSD/ Win11 Home/ 8GB Graph),156990,79.0,13th Gen Intel Core i7 13700HX ,"16 Cores (8P + 8E), 24 Threads",16 GB DDR5 RAM,1 TB SSD,"17.3 inches, 2560 x 1440 pixels",8 GB NVIDIA GeForce RTX 4060,Windows 11 OS,1 Year Warranty,16,1024.0
Dell Inspiron 7430 IC7430VVR8C001ORS1 Laptop (13th Gen Core i5/ 16GB/ 512GB SSD/ Win11),80490,56.0,13th Gen Intel Core i5 1335U,"10 Cores (2P + 8E), 12 Threads",16 GB LPDDR5 RAM,512 GB SSD,"14 inches, 1920 x 1200 pixels, Touch Screen",Intel Iris Xe Graphics,Windows 11 OS,1 Year Warranty,16,512.0
HP 14s-dr3003TU 832T7PA Laptop (Pentium Silver N6000/ 8GB/ 512GB SSD/ Win11 Home),26990,61.75651041666666,Intel Pentium Silver N6000,"Quad Core, 4 Threads",8 GB DDR4  RAM,512 GB SSD,"14 inches, 1366 x 768 pixels",Intel UHD Graphics,Windows 11 OS,1 Year Warranty,8,512.0
Apple MacBook Air 15 2023 Laptop (Apple M2/ 8GB/ 512GB SSD/ MacOS),131590,54.0,Apple M2,Octa Core (4P + 4E),8 GB DDR4 RAM,512 GB SSD,"15.3 inches, 2880 x 1864 pixels",10-Core GPU,Mac OS,1 Year Warranty,8,512.0
Dell Inspiron 15 3530 Laptop (13th Gen Core i3/ 8GB/ 512GB SSD/ Win11 Home),40990,52.0,13th Gen Intel Core i3 1305U,"5 Cores (1P + 4E), 6 Threads",8 GB DDR4 RAM,512 GB SSD,"15.6 inches, 1920 x 1080 pixels",Intel Integrated UHD,Windows 11 OS,1 Year Warranty,8,512.0
Lenovo Legion 5 Pro 2023 Gaming Laptop (13th Gen Core i7/ 32GB/ 1TB SSD/ Win11/ 16GB Graph),172990,77.0,13th Gen Intel Core i7 13700H,"14 Cores (6P + 8E), 20 Threads",32 GB DDR5 RAM,1 TB SSD,"16 inches, 2560 x 1600 pixels",16 GB NVIDIA GeForce RTX 4090,Windows 11 OS,1 Year Warranty,32,1024.0
Infinix INBook X2 Slim Series XL23 Laptop (11th Gen Core i5/ 16GB/ 512GB SSD/ Win 11 Home),34990,54.0,11th Gen Intel Core i5 1155G7,"Quad Core, 8 Threads",16 GB LPDDR4X RAM,512 GB SSD,"14 inches, 1920 x 1080 pixels",Intel Integrated Iris Xe,Windows 11 OS,1 Year Warranty,16,512.0
Asus Eeebook 15 E510MA-EJ021WS Laptop (Intel Celeron N4020/ 8GB/ 512GB SSD/ Win11 Home),27990,61.75651041666666,Intel Celeron N4020,"Dual Core, 2 Threads",8 GB DDR4 RAM,512 GB SSD,"15.6 inches, 1920 x 1080 pixels",Intel UHD Integrated,Windows 11 OS,1 Year Warranty,8,512.0
Dell Inspiron 3520 D560872WIN9S Laptop (12th Gen Core i5/ 16GB/ 512GB SSD/ Win11),52000,57.0,12th Gen Intel Core i5 1235U,"10 Cores (2P + 8E), 12 Threads",16 GB DDR4 RAM,512 GB SSD,"15.6 inches, 1920 x 1080 pixels",Intel UHD Graphics,Windows 11 OS,1 Year Warranty,16,512.0
Dell Inspiron 5430 IN54304D6P9M01ORS1 Laptop (13th Gen Core i7/ 16GB/ 512GB SSD/ Win11),88990,53.0,13th Gen Intel Core i7 1355U,"10 Cores (2P + 8E), 12 Threads",16 GB LPDDR5  RAM,512 GB SSD,"14 inches, 1920 x 1080 pixels",Intel Iris Xe Graphics,Windows 11 OS,1 Year Warranty,16,512.0
Dell Inspiron 5430 IN54308TR2G001ORS1 Laptop (13th Gen Core i5/ 16GB/ 512GB SSD/ Win11),67890,61.75651041666666,13th Gen Intel Core i5 1335U,"10 Cores (2P + 8E), 12 Threads",16 GB LPDDR5  RAM,512 GB SSD,"14 inches, 1920 x 1080 pixels",Intel Iris Xe Graphics,Windows 11 OS,1 Year Warranty,16,512.0
Dell Inspiron 5430 IN5430YXVW9M01ORS1 Laptop (13th Gen Core i5/ 8GB/ 512GB SSD/ Win11),59290,53.0,13th Gen Intel Core i5 1335U,"10 Cores (2P + 8E), 12 Threads",8 GB LPDDR5  RAM,512 GB SSD,"14 inches, 1920 x 1080 pixels",Intel Iris Xe Graphics,Windows 11 OS,1 Year Warranty,8,512.0
Asus Vivobook 15 X515EA-EJ542WS Laptop (11th Gen Core i5/ 16GB/ 512GB SSD/ Win11),44999,53.0,11th Gen Intel Core i5 1135G7,"Quad Core, 8 Threads",16 GB DDR4 RAM,512 GB SSD,"15.6 inches, 1920 x 1080 pixels",Intel Integrated Iris Xe,Windows 11 OS,1 Year Warranty,16,512.0
Dell Inspiron 3530 IN3530NM1NN001ORS1 Laptop (13th Gen Core i5/ 8GB/ 512GB SSD/ Win11 Home),63220,50.0,13th Gen Intel Core i5 1335U,"10 Cores (2P + 8E), 12 Threads",8 GB DDR4 RAM,512 GB SSD,"15.6 inches, 1920 x 1080 pixels",Intel Integrated UHD,Windows 11 OS,1 Year Warranty,8,512.0
Acer One 14 Z8-415 Laptop (11th Gen Core i3 / 8GB/ 512GB SSD/ Win11 Home),34880,54.0,11th Gen Intel Core i3 1115G4,"Dual Core, 4 Threads",8 GB DDR4 RAM,512 GB SSD,"14 inches, 1920 x 1080 pixels",‎Intel Iris Xe Graphics,Windows 11 OS,1 Year Warranty,8,512.0
MSI Creator Z17 HX Studio A13V Laptop,247999,61.75651041666666,13th Gen Intel Core i9 13900H,"14 Cores (6P + 8E), 20 Threads",32 GB DDR5 RAM,1 TB SSD,"17 inches, 2560 x 1600 pixels",8 GB NVIDIA GeForce RTX 4070,Windows 11 OS,3 Year Warranty,32,1024.0
Dell Inspiron 7630 IC7630GHHRH001ORS1 2 in 1 Laptop (13th Gen Core i5/ 8GB/ 512GB SSD/ Win11 Home),94490,63.0,13th Gen Intel Core i5 1335U,"10 Cores (2P + 8E), 12 Threads",8 GB LPDDR5 RAM,512 GB SSD,"16 inches, 1920 x 1200 pixels, Touch Screen",Intel Iris Xe Graphics,Windows 11 OS,1 Year Warranty,8,512.0
HP Victus 15-fb0131AX Gaming Laptop (AMD Ryzen 5 5600H/ 8GB/ 512GB SSD/ Win11/ 4GB Graph),58800,61.0,5th Gen AMD Ryzen 5 5600H,"Hexa Core, 12 Threads",8 GB DDR4 RAM,512 GB SSD,"15.6 inches, 1920 x 1080 pixels",4 GB AMD Radeon RX 5600M ,Windows 11 OS,1 Year Warranty,8,512.0
Asus Vivobook 16 2023 M1605YA-MB521WS Laptop (Ryzen 5 7530U / 8GB/ 512GB SSD/ Win11 Home),47990,59.0,7th Gen AMD Ryzen 5 7530U,"Hexa Core, 12 Threads",8 GB DDR4 RAM,512 GB SSD,"16 inches, 1920 x 1200 pixels",AMD Radeon AMD,Windows 11 OS,1 Year Warranty,8,512.0
HP Victus 15-fb0133AX Gaming Laptop (AMD Ryzen 5 5600H/ 16GB/ 512GB SSD/ Win11/ 4GB Graph),62687,63.0,5th Gen AMD Ryzen 5 5600H,"Hexa Core, 12 Threads",16 GB DDR4 RAM,512 GB SSD,"15.6 inches, 1920 x 1080 pixels",4 GB AMD Radeon RX 5600M ,Windows 11 OS,1 Year Warranty,16,512.0
MSI Stealth 16 Mercedes AMG Motorsport A13V Gaming Laptop (13th Gen Core i9/ 32GB/ 1TB SSD/ Win11 Home/ 8GB Graph),292990,61.75651041666666,13th Gen Intel Core i9 13900H,"14 Cores (6P + 8E), 20 Threads",32 GB DDR5 RAM,1 TB SSD,"16 inches, 3840 x 2400 pixels",8 GB NVIDIA GeForce RTX 4070,Windows 11 OS,2 Year Warranty,32,1024.0
Asus Vivobook 15 X1502ZA-EJ542WS Laptop (12th Gen Core i5/ 16GB/ 512GB SSD/ Win11),52990,60.0,12th Gen Intel Core i5 12500H ,"12 Cores (4P + 8E), 16 Threads",16 GB DDR4 RAM,512 GB SSD,"15.6 inches, 1920 x 1080 pixels",Intel Iris Xe,Windows 11 OS,1 Year Warranty,16,512.0
HP Victus 15-fa0555TX  Laptop (12th Gen Core i5/ 16GB/ 512GB SSD/ Win11 Home/ 4GB Graph),67990,66.0,12th Gen Intel Core i5 12450H,"Octa Core (4P + 4E), 12 Threads",16 GB DDR4 RAM,512 GB SSD,"15.6 inches, 1920 x 1080 pixels",4 GB NVIDIA GeForce RTX 3050,Windows 11 OS,1 Year Warranty,16,512.0
MSI Katana 15 B12UDXK-1017IN Gaming Laptop (12th Gen Core i7/ 8GB/ 512GB SSD/ Win11 Home/ 6GB Graph),82990,69.0,12th Gen Intel Core i7 12650H,"10 Cores (6P + 4E), 16 Threads",8 GB DDR5 RAM,512 GB SSD,"15.6 inches, 1920 x 1080 pixels",6 GB NVIDIA GeForce RTX 3050,Windows 11 OS,2 Year Warranty,8,512.0
HP 15s-fq3071TU Laptop (Intel Celeron N4500/ 8GB/ 512GB SSD/ Win11 Home),27490,61.75651041666666,Intel Celeron  N4500,"Dual Core, 2 Threads",8 GB DDR4 RAM,512 GB SSD,"15 inches, 1366 x 768 pixels",Intel Integrated UHD Graphics,Windows 11  OS,1 Year Warranty,8,512.0
HP Victus 15-fb0136AX Gaming Laptop (AMD Ryzen 5 5600H/ 16GB/ 512GB SSD/ Win11/ 4GB Graph),59700,62.0,5th Gen AMD Ryzen 5 5600H,"Hexa Core, 12 Threads",16 GB DDR4 RAM,512 GB SSD,"15.6 inches, 1920 x 1080 pixels",4 GB NVIDIA GeForce RTX 3050,Windows 11 OS,1 Year Warranty,16,512.0
Asus Vivobook 15 M1502QA-EJ742WS Laptop (Ryzen 7 5800H/ 16GB/ 512GB SSD/ Win11),49990,53.0,5th Gen AMD Ryzen 7 5800H,"Octa Core, 16 Threads",16 GB DDR4 RAM,512 GB SSD,"15.6 inches, 1920 x 1080 pixels",AMD Radeon,Windows OS,1 Year Warranty,16,512.0
Acer One 14 Business Z2-493 Laptop (Ryzen 3 3250U/ 8GB/ 512GB SSD/ Win11),25994,50.0,3rd Gen AMD Ryzen 3  3250U,"Dual Core, 4 Threads",8 GB DDR4 RAM,512 GB SSD,"14 inches, 1366 x 768 pixels",AMD Radeon Graphics,Windows 11 OS,1 Year Warranty,8,512.0
HP Victus 15-fb0135AX Gaming Laptop (AMD Ryzen 5 5600H/ 8GB/ 512GB SSD/ Win11/ 4GB Graph),59990,60.0,5th Gen AMD Ryzen 5 5600H,"Hexa Core, 12 Threads",8 GB DDR4 RAM,512 GB SSD,"15.6 inches, 1920 x 1080 pixels",4 GB NVIDIA GeForce RTX 3050,Windows 11 OS,1 Year Warranty,8,512.0
Asus Zenbook 14X OLED 2023 UM5401QA-KM751WS Laptop (Ryzen 7 5800HS / 16GB/ 1TB SSD/ Win11 Home),70990,61.0,5th Gen AMD Ryzen 7 5800HS,"Octa Core, 16 Threads",16 GB LPDDR4X RAM,1 TB SSD,"14 inches, 2880 x 1800 pixels",AMD Radeon AMD,Windows 11 OS,1 Year Warranty,16,1024.0
Asus VivoBook 14 X415EA-EK344WS Notebook (11th Gen Core i3/ 16GB/ 512GB SSD/ Win11 Home),35990,59.0,11th Gen Intel Core i3 1115G4,"Dual Core, 4 Threads",16 GB DDR4 RAM,512 GB SSD,"14 inches, 1920 x 1080 pixels",Intel Integrated Intel UHD,Windows 11 OS,1 Year Warranty,16,512.0
Acer Swift Edge 16 2023 Laptop (AMD Ryzen 7040 Series/ 16GB/ 1TB SSD/ Win11 Home),107399,54.0,7th Gen AMD Ryzen 7040 Series 040,"Octa Core, 16 Threads",16 GB LPDDR5 RAM,1 TB SSD,"16 inches, 3840 x 2400 pixels",AMD Radeon AMD,Windows 11 OS,1 Year Warranty,16,1024.0
Dell G15-5530 Gaming 2023 Laptop (13th Gen Core i7/ 16GB/ 512GB SSD/ Win11/ RTX 4060 8GB Graph),109990,71.0,13th Gen Intel Core i7 13650HX,14 Cores (6P + 8E),16 GB DDR5 RAM,512 GB SSD,"15.6 inches, 1920 x 1080 pixels",8 GB NVIDIA GeForce RTX 4060,Windows 11 OS,1 Year Warranty,16,512.0
Acer Aspire 5 A515-58P NX.KHJSI.001 Gaming Laptop (13th Gen Core i3/ 8GB/ 512GB SSD/ Win11 Home),38490,61.75651041666666,13th Gen Intel Core i3 1315U,"Hexa Core (2P + 4E), 8 Threads",8 GB LPDDR5 RAM,512 GB SSD,"15.6 inches, 1920 x 1080 pixels",Intel UHD Graphics,Windows 11 OS,1 Year Warranty,8,512.0
HP Pavilion 15-eg3027TU Laptop (13th Gen Core i5/ 16GB/ 512GB SSD/ Win11 Home),69490,61.0,13th Gen Intel Core i5 1340p,"12 Cores (4P + 8E), 16 Threads",16 GB DDR4 RAM,512 GB SSD,"15.6 inches, 1920 x 1080 pixels",Intel Integrated Intel Iris Xe Graphics,Windows 11 OS,1 Year Warranty,16,512.0
Dell ‎G16-7630 Gaming Laptop (13th Gen Core i9/ 16GB/ 1TB SSD/ Win11/ 8GB Graph),178490,75.0,13th Gen Intel Core i9 13900HX ,"24 Cores (8P + 16E), 32 Threads",16 GB DDR5 RAM,1 TB SSD,"16 inches, 2560 x 1600 pixels",8 GB NVIDIA GeForce RTX 4060,Windows 11 OS,1 Year Warranty,16,1024.0
Dell G15-5530 2023 Gaming Laptop (13th Gen Core i7/ 16GB/ 512GB SSD/ Win11/ RTX 4050 6GB Graph),106990,70.0,13th Gen Intel Core i7 13650HX,14 Cores (6P + 8E),16 GB DDR5 RAM,512 GB SSD,"15.6 inches, 1920 x 1080 pixels",6 GB NVIDIA GeForce RTX 4050,Windows 11 OS,1 Year Warranty,16,512.0
Dell G15-5530 GN5530VMMD9002ORB1 Gaming Laptop (13th Gen Core i7/ 16GB/ 512GB SSD/ Win11/ 6GB Graph),105990,69.0,13th Gen Intel Core i7 13650HX,14 Cores (6P + 8E),16 GB DDR5 RAM,512 GB SSD,"15.6 inches, 1920 x 1080 pixels",6 GB NVIDIA GeForce RTX 3050,Windows 11 OS,1 Year Warranty,16,512.0
Dell G15-5530 GN553064GRM002ORB1 Gaming Laptop (13th Gen Core i5/ 8GB/ 512GB SSD/ Win11/ 6GB Graph),73990,64.0,13th Gen Intel Core i5 13450HX,"10 Cores (6P + 4E), 16 Threads",8 GB DDR5 RAM,512 GB SSD,"15.6 inches, 1920 x 1080 pixels",6 GB NVIDIA GeForce RTX 3050,Windows 11 OS,1 Year Warranty,8,512.0
Dell G15-5530 GN5530D83M6002ORB1 Gaming Laptop (13th Gen Core i5/ 16GB/ 512GB SSD/ Win11/ 6GB Graph),78990,66.0,13th Gen Intel Core i5 13450HX,"10 Cores (6P + 4E), 16 Threads",16 GB DDR5 RAM,512 GB SSD,"15.6 inches, 1920 x 1080 pixels",6 GB NVIDIA GeForce RTX 3050,Windows 11 OS,1 Year Warranty,16,512.0
Dell G15-5530 Gaming Laptop (13th Gen Core i7/ 16GB/ 512GB SSD/ Win11/ RTX 4050 6GB Graph),122638,69.0,13th Gen Intel Core i7 13650HX,14 Cores (6P + 8E),16 GB DDR5 RAM,512 GB SSD,"15.6 inches, 1920 x 1080 pixels",6 GB NVIDIA GeForce RTX 4050,Windows 11 OS,1 Year Warranty,16,512.0
Xiaomi Redmi Book 14 2023 Laptop (12th Gen Core i5/ 16GB/ 512GB SSD/ Win 11),43990,56.0,12th Gen Intel Core i5 12500H,"12 Cores (4P + 8E), 16 Threads",16 GB DDR5 RAM,512 GB SSD,"14 inches, 2880 x 1800 pixels",Intel Iris Xe Graphics,Windows 11 OS,1 Year Warranty,16,512.0
Acer Aspire 5 A515-58M NX.KHGSI.002 Gaming Laptop (13th Gen Core i5/ 16GB/ 512GB SSD/ Win11 Home),53990,61.75651041666666,13th Gen Intel Core i5 1335U,"10 Cores (2P + 8E), 12 Threads",16 GB LPDDR5 RAM,512 GB SSD,"15.6 inches, 1920 x 1080 pixels",Intel Integrated Iris Xe,Windows 11 OS,1 Year Warranty,16,512.0
HP Pavilion x360 14-ek1020TU Laptop (13th Gen Core i7/ 16GB/ 512 GB SSD/ Win11),89990,65.0,13th Gen Intel Core i7 1355U ,"10 Cores (2P + 8E), 12 Threads",16 GB DDR4 RAM,512 GB SSD,"14 inches, 1920 x 1080 pixels, Touch Screen",Intel Integrated Iris Xe,Windows 11 OS,1 Year Warranty,16,512.0
Asus Vivobook 15X 2023 K3504VAB-NJ321WS Laptop (13th Gen Core i3/ 8GB/ 512GB SSD/ Win11 Home),39490,52.0,13th Gen ‎Intel Core i3 1315U,"Hexa Core (2P + 4E), 8 Threads",8 GB DDR4 RAM,512 GB SSD,"15.6 inches, 1920 x 1080 pixels",Integrated Intel UHD Graphics,Windows 11 OS,1 Year Warranty,8,512.0
Acer Aspire Vero AV14-52P NX.KJSSI.002 Laptop (13th Gen Core i5/ 16GB/ 512GB SSD/ Win11 Home),59990,54.0,13th Gen Intel Core i5 1335U,"10 Cores (2P + 8E), 12 Threads",16 GB LPDDR4X RAM,512 GB SSD,"14 inches, 1920 x 1080 pixels",Intel Iris Xe Graphics,Windows 11 OS,1 Year Warranty,16,512.0
Acer Aspire Vero AV14-52P NX.KJTSI.002 Laptop (13th Gen Core i3/ 16GB/ 512GB SSD/ Win11 Home),49990,61.75651041666666,13th Gen Intel Core i3 1315U,"Hexa Core (2P + 4E), 8 Threads",16 GB LPDDR4X RAM,512 GB SSD,"14 inches, 1920 x 1080 pixels",Intel Integrated UHD,Windows OS,1 Year Warranty,16,512.0
Acer Aspire 5 A515-58M NX.KHFSI.001 Gaming Laptop (13th Gen Core i5/ 8GB/ 512GB SSD/ Win11 Home),55800,61.75651041666666,13th Gen Intel Core i5 1335U,"10 Cores (2P + 8E), 12 Threads",8 GB LPDDR5 RAM,512 GB SSD,"15.6 inches, 1920 x 1080 pixels",Intel Integrated Iris Xe,Windows 11 OS,1 Year Warranty,8,512.0
Asus TUF Gaming F15 2023 FX507VU-LP083WS Gaming Laptop (13th Gen Core i7/ 16GB/ 512GB SSD/ Win11 Home/ 6GB Graph),109990,69.0,13th Gen Intel Core i7 13700H,"14 Cores (6P + 8E), 20 Threads",16 GB DDR4 RAM,512 GB SSD,"15.6 inches, 1920 x 1080 pixels",6 GB NVIDIA GeForce RTX 4050,Windows 11 OS,1 Year Warranty,16,512.0
Asus TUF Gaming A15 2023 FA577XU-LP041WS Gaming Laptop (AMD Ryzen 9 7940HS/ 16GB/ 1TB SSD/ Win11 Home/ 6GB Graph),137990,75.0,7th Gen AMD Ryzen 9 7940HS,"Octa Core, 16 Threads",16 GB DDR4 RAM,1 TB SSD,"15.6 inches, 1920 x 1080 pixels",6 GB NVIDIA GeForce RTX 4050,Windows 11 OS,1 Year Warranty,16,1024.0
Huawei MateBook E 2023 Laptop (12th Gen Core i5/ 16GB/ 512GB SSD/ Win11),88999,53.0,12th Gen Intel Core i5 1230U,"10 Cores (2P + 8E), 12 Threads",16 GB  RAM,512 GB SSD,"12.6 inches, 1600 x 2560 pixels, Touch Screen",Intel Iris Xe Graphics,Windows 11 OS,Backlit Keyboard,16,512.0
Asus Vivobook 16X 2023 K3605ZF-MB541WS Laptop (12th Gen Core i5/ 16GB/ 512GB SSD/ Win11 Home/ 4GB Graph),64990,68.0,12th Gen Intel Core i5 12450H,"Octa Core (4P + 4E), 12 Threads",16 GB DDR4 RAM,512 GB SSD,"16 inches, 1920 x 1200 pixels",4 GB NVIDIA GeForce RTX 2050,Windows 11 OS,1 Year Warranty,16,512.0
Asus TUF Gaming A15 2023 FA577XV-HQ036WS Gaming Laptop (AMD Ryzen 9 7940HS/ 16GB/ 1TB SSD/ Win11 Home/ 8GB Graph),154990,61.75651041666666,7th Gen AMD Ryzen 9 7940HS,"Octa Core, 16 Threads",16 GB DDR5 RAM,1 TB SSD,"15.6 inches, 2560 x 1440 pixels",8 GB NVIDIA GeForce RTX 4060 ,Windows 11 OS,1 Year Warranty,16,1024.0
Acer Aspire 5 A514-56GM Gaming Laptop (13th Gen Core i7/ 8GB/ 512GB SSD/ Win11 Home/ 4GB Graph),69990,62.0,13th Gen Intel Core i7 1355U,"10 Cores (2P + 8E), 12 Threads",8 GB DDR4 RAM,512 GB SSD,"14 inches, 1920 x 1080 pixels",4 GB NVIDIA GeForce RTX 2050,Windows 11 OS,1 Year Warranty,8,512.0
Lenovo IdeaPad Slim 5 82FG01B3IN Laptop (11th Gen Core i5/ 16GB/ 512GB SSD/ Win11 Home),54900,63.0,11th Gen Intel Core i5 1135G7,"Quad Core, 8 Threads",16 GB DDR4 RAM,512 GB SSD,"15.6 inches, 1920 x 1080 pixels",Intel Iris Xe Graphics,Windows 11 OS,1 Year Warranty,16,512.0
MSI Bravo 15 B5ED-034IN Gaming Laptop (AMD Ryzen 7 5800H/ 8GB/ 512GB SSD/ Win11 Home/ 4GB Graph),59990,66.0,5th Gen AMD Ryzen 7 5800H,"Octa Core, 16 Threads",8 GB DDR4 RAM,512 GB SSD,"15.6 inches, 1920 x 1080 pixels",4 GB AMD Radeon RX6500M,Windows 11 OS,1 Year Warranty,8,512.0
